0;0.0;0.333666;
1;0.0;0.333666;
2;0.0;0.333666;
3;0.0;0.333666;
4;0.0;0.333666;
5;0.0;0.333666;
6;0.0;0.333666;
7;0.0;0.333666;
8;0.0;0.333666;
9;0.0;0.333666;
10;0.0;0.333666;
11;0.0;0.333666;
12;0.0;0.333666;
13;0.0;0.333666;
14;0.0;0.333666;
15;0.0;0.333666;
16;0.0;0.333666;
17;0.0;0.333666;
18;0.0;0.333666;
19;0.0;0.333666;
20;0.0;0.333666;
21;0.0;0.333666;
22;0.0;0.333666;
23;0.0;0.333666;
24;0.0;0.333666;
25;0.0;0.333666;
26;0.0;0.333666;
27;0.0;0.333666;
28;0.0;0.333666;
29;0.0;0.333666;
30;0.0;0.333666;
31;0.0;0.333666;
32;0.0;0.333666;
33;0.0;0.333666;
34;0.0;0.333666;
35;0.0;0.333666;
36;0.0;0.333666;
37;0.0;0.333666;
38;0.0;0.333666;
39;0.0;0.333666;
40;0.0;0.333666;
41;0.0;0.333666;
42;0.0;0.333666;
43;0.0;0.333666;
44;0.0;0.333666;
45;0.0;0.333666;
46;0.0;0.333666;
47;0.0;0.333666;
48;0.0;0.333666;
49;0.0;0.333675;
50;0.0;0.333685;
51;0.0;0.333703;
52;0.0;0.333726;
53;0.0;0.33375;
54;0.0;0.333779;
55;0.0;0.33381;
56;0.0;0.333842;
57;0.0;0.333876;
58;0.0;0.333909;
59;0.0;0.333925;
60;0.0;0.333928;
61;0.0;0.333914;
62;0.0;0.333902;
63;0.0;0.333888;
64;0.0;0.333871;
65;0.0;0.333851;
66;0.0;0.333829;
67;0.0;0.333803;
68;0.0;0.333773;
69;0.0;0.33374;
70;0.0;0.333703;
71;0.0;0.333663;
72;0.0;0.333619;
73;0.0;0.333563;
74;0.0;0.333512;
75;0.0;0.333459;
76;0.0;0.333397;
77;0.0;0.33333;
78;0.0;0.333256;
79;0.0;0.333176;
80;0.0;0.333088;
81;0.0;0.332993;
82;0.0;0.332888;
83;0.0;0.332776;
84;0.0;0.332653;
85;0.0;0.332521;
86;0.0;0.332376;
87;0.0;0.332218;
88;0.0;0.332049;
89;0.0;0.331865;
90;0.0;0.331669;
91;0.0;0.331458;
92;0.0;0.33123;
93;0.0;0.330986;
94;0.0;0.330725;
95;0.0;0.330447;
96;0.0;0.330151;
97;0.0;0.329834;
98;0.0;0.32946;
99;0.0;0.329096;
100;0.0;0.328708;
101;0.0;0.328295;
102;0.0;0.327854;
103;0.0;0.327386;
104;0.0;0.326892;
105;0.0;0.326367;
106;0.0;0.325811;
107;0.0;0.325221;
108;0.0;0.324598;
109;0.0;0.323937;
110;0.0;0.323237;
111;0.0;0.322493;
112;0.0;0.321708;
113;0.0;0.320877;
114;0.0;0.32;
115;0.0;0.319076;
116;0.0;0.318099;
117;0.0;0.317067;
118;0.0;0.315975;
119;0.0;0.314819;
120;0.1;0.313599;
121;0.1;0.312417;
122;0.1;0.31133;
123;0.1;0.310265;
124;0.1;0.309181;
125;0.1;0.308065;
126;0.1;0.306912;
127;0.1;0.305723;
128;0.1;0.304493;
129;0.1;0.303237;
130;0.1;0.301944;
131;0.1;0.30061;
132;0.1;0.299235;
133;0.1;0.297822;
134;0.1;0.296358;
135;0.1;0.294833;
136;0.1;0.293247;
137;0.1;0.291611;
138;0.1;0.28994;
139;0.1;0.288227;
140;0.1;0.286486;
141;0.1;0.284765;
142;0.1;0.283055;
143;0.1;0.281345;
144;0.1;0.279632;
145;0.1;0.277921;
146;0.1;0.27621;
147;0.1;0.274489;
148;0.1;0.272568;
149;0.1;0.270613;
150;0.1;0.268626;
151;0.1;0.266599;
152;0.1;0.264518;
153;0.1;0.262391;
154;0.1;0.260234;
155;0.1;0.258031;
156;0.1;0.255782;
157;0.1;0.253491;
158;0.1;0.25116;
159;0.1;0.248778;
160;0.1;0.246347;
161;0.1;0.24387;
162;0.1;0.241348;
163;0.1;0.23878;
164;0.1;0.236166;
165;0.1;0.233485;
166;0.1;0.230758;
167;0.1;0.228005;
168;0.1;0.225197;
169;0.1;0.222326;
170;0.1;0.219426;
171;0.1;0.216495;
172;0.1;0.2135;
173;0.1;0.21047;
174;0.1;0.207418;
175;0.1;0.204329;
176;0.1;0.201207;
177;0.1;0.198066;
178;0.1;0.194907;
179;0.1;0.191722;
180;0.2;0.188513;
181;0.2;0.185463;
182;0.2;0.182747;
183;0.2;0.180213;
184;0.2;0.177819;
185;0.2;0.175617;
186;0.2;0.173589;
187;0.2;0.171683;
188;0.2;0.169935;
189;0.2;0.168354;
190;0.2;0.166918;
191;0.2;0.165646;
192;0.2;0.164525;
193;0.2;0.163541;
194;0.2;0.162716;
195;0.2;0.162048;
196;0.2;0.161514;
197;0.2;0.161135;
198;0.2;0.160903;
199;0.2;0.160842;
200;0.2;0.160932;
201;0.2;0.16105;
202;0.2;0.161662;
203;0.2;0.162608;
204;0.2;0.16386;
205;0.2;0.165456;
206;0.2;0.167386;
207;0.2;0.169628;
208;0.2;0.172216;
209;0.2;0.175133;
210;-0.2;0.178369;
211;-0.2;0.181672;
212;-0.2;0.184364;
213;-0.2;0.186388;
214;-0.2;0.187907;
215;-0.2;0.188995;
216;-0.2;0.189711;
217;-0.2;0.190071;
218;-0.2;0.190078;
219;-0.2;0.189759;
220;0.2;0.189111;
221;0.2;0.188402;
222;0.2;0.188227;
223;0.2;0.188718;
224;0.2;0.189768;
225;0.2;0.191207;
226;0.2;0.193012;
227;0.2;0.195196;
228;0.2;0.19773;
229;0.2;0.200571;
230;0.1;0.203738;
231;0.1;0.207055;
232;0.1;0.210398;
233;0.1;0.213859;
234;0.1;0.21746;
235;0.1;0.221224;
236;0.1;0.225155;
237;0.1;0.22924;
238;0.1;0.233489;
239;0.1;0.237916;
240;-0.2;0.242505;
241;-0.2;0.247006;
242;-0.2;0.250858;
243;-0.2;0.254105;
244;-0.2;0.256937;
245;-0.2;0.259397;
246;-0.2;0.261501;
247;-0.2;0.263249;
248;-0.2;0.264637;
249;-0.2;0.265746;
250;0.1;0.266546;
251;0.1;0.267251;
252;0.1;0.268375;
253;0.1;0.269864;
254;0.1;0.271677;
255;0.1;0.273728;
256;0.1;0.275957;
257;0.1;0.278359;
258;0.1;0.280947;
259;0.1;0.283702;
260;-0.2;0.286618;
261;-0.2;0.289405;
262;-0.2;0.291577;
263;-0.2;0.293311;
264;-0.2;0.29458;
265;-0.2;0.295444;
266;-0.2;0.295973;
267;-0.2;0.296149;
268;-0.2;0.295964;
269;-0.2;0.29548;
270;0.1;0.294672;
271;0.1;0.293817;
272;0.1;0.293438;
273;0.1;0.293366;
274;0.1;0.293623;
275;0.1;0.29411;
276;0.1;0.294771;
277;0.1;0.295626;
278;0.1;0.29666;
279;0.1;0.297845;
280;0.1;0.299196;
281;0.1;0.30073;
282;0.1;0.302416;
283;0.1;0.304256;
284;0.1;0.306277;
285;0.1;0.308459;
286;0.1;0.310793;
287;0.1;0.313297;
288;0.1;0.315967;
289;0.1;0.318796;
290;-0.2;0.321788;
291;-0.2;0.324692;
292;-0.2;0.326971;
293;-0.2;0.328715;
294;-0.2;0.330043;
295;-0.2;0.330989;
296;-0.2;0.33157;
297;-0.2;0.331806;
298;-0.2;0.331712;
299;-0.2;0.331278;
300;0.1;0.330521;
301;0.1;0.329671;
302;0.1;0.329245;
303;0.1;0.329193;
304;0.1;0.32945;
305;0.1;0.329921;
306;0.1;0.330584;
307;0.1;0.331432;
308;0.1;0.332452;
309;0.1;0.333649;
310;0.1;0.335014;
311;0.1;0.336544;
312;0.1;0.338243;
313;0.1;0.340111;
314;0.1;0.342139;
315;0.1;0.344337;
316;0.1;0.346709;
317;0.1;0.349238;
318;0.1;0.351933;
319;0.1;0.354809;
320;-0.2;0.357848;
321;-0.2;0.360828;
322;-0.2;0.363156;
323;-0.2;0.364899;
324;-0.2;0.366249;
325;-0.2;0.367197;
326;-0.2;0.367781;
327;-0.2;0.368051;
328;-0.2;0.367971;
329;-0.2;0.36754;
330;0.1;0.366812;
331;0.1;0.366019;
332;0.1;0.365804;
333;0.1;0.365977;
334;0.1;0.366389;
335;0.1;0.367052;
336;0.1;0.3679;
337;0.1;0.368907;
338;0.1;0.3701;
339;0.1;0.371466;
340;0.1;0.372981;
341;0.1;0.37466;
342;0.1;0.376518;
343;0.1;0.378528;
344;0.1;0.380698;
345;0.1;0.383043;
346;0.1;0.385542;
347;0.1;0.388206;
348;0.1;0.391036;
349;0.1;0.394024;
350;-0.2;0.397178;
351;-0.2;0.400315;
352;-0.2;0.403008;
353;-0.2;0.405091;
354;-0.2;0.406687;
355;-0.2;0.407912;
356;-0.2;0.408774;
357;-0.2;0.409266;
358;-0.2;0.409443;
359;-0.2;0.409289;
360;0.1;0.408775;
361;0.1;0.408164;
362;0.1;0.407906;
363;0.1;0.408079;
364;0.1;0.408554;
365;0.1;0.409238;
366;0.1;0.410122;
367;0.1;0.411198;
368;0.1;0.412434;
369;0.1;0.413839;
370;0.1;0.415431;
371;0.1;0.417175;
372;0.1;0.41908;
373;0.1;0.421171;
374;0.1;0.423421;
375;0.1;0.425827;
376;0.1;0.42841;
377;0.1;0.431162;
378;0.1;0.434071;
379;0.1;0.437141;
380;-0.2;0.440383;
381;-0.2;0.443584;
382;-0.2;0.446379;
383;-0.2;0.448622;
384;-0.2;0.45035;
385;-0.2;0.451684;
386;-0.2;0.452655;
387;-0.2;0.453285;
388;-0.2;0.45359;
389;-0.2;0.453555;
390;0.1;0.453177;
391;0.1;0.452697;
392;0.1;0.452559;
393;0.1;0.452893;
394;0.1;0.45351;
395;0.1;0.454348;
396;0.1;0.455402;
397;0.1;0.456629;
398;0.1;0.458023;
399;0.1;0.459596;
400;0.1;0.461335;
401;0.1;0.463239;
402;0.1;0.465313;
403;0.1;0.467553;
404;0.1;0.469954;
405;0.1;0.472525;
406;0.1;0.475258;
407;0.1;0.478154;
408;0.1;0.48123;
409;0.1;0.484469;
410;-0.2;0.487863;
411;-0.2;0.491131;
412;-0.2;0.4938;
413;-0.2;0.496039;
414;-0.2;0.497815;
415;-0.2;0.499183;
416;-0.2;0.500207;
417;-0.2;0.500882;
418;-0.2;0.501203;
419;-0.2;0.501218;
420;0.1;0.500906;
421;0.1;0.500559;
422;0.1;0.500594;
423;0.1;0.500879;
424;0.1;0.501455;
425;0.1;0.502259;
426;0.1;0.503216;
427;0.1;0.504319;
428;0.1;0.505589;
429;0.1;0.506993;
430;0.0;0.508523;
431;0.0;0.510047;
432;0.0;0.511425;
433;0.0;0.512748;
434;0.0;0.514049;
435;0.0;0.515335;
436;0.0;0.516614;
437;0.0;0.517889;
438;0.0;0.519163;
439;0.0;0.520436;
440;0.0;0.521707;
441;0.0;0.522979;
442;0.0;0.52425;
443;0.0;0.525522;
444;0.0;0.526794;
445;0.0;0.528066;
446;0.0;0.529338;
447;0.0;0.530609;
448;0.0;0.531883;
449;0.0;0.533157;
450;-0.2;0.534431;
451;-0.2;0.535516;
452;-0.2;0.536123;
453;-0.2;0.536363;
454;-0.2;0.536284;
455;-0.2;0.535879;
456;-0.2;0.535185;
457;-0.2;0.534218;
458;-0.2;0.532972;
459;-0.2;0.531445;
460;-0.2;0.529651;
461;-0.2;0.527578;
462;-0.2;0.525225;
463;-0.2;0.52261;
464;-0.2;0.51972;
465;-0.2;0.516543;
466;-0.2;0.513091;
467;-0.2;0.509389;
468;-0.2;0.505402;
469;-0.2;0.50112;
470;0.1;0.496563;
471;0.1;0.491957;
472;0.1;0.487763;
473;0.1;0.483976;
474;0.1;0.480412;
475;0.1;0.476999;
476;0.1;0.473752;
477;0.1;0.470668;
478;0.1;0.467727;
479;0.1;0.46491;
480;0.1;0.462228;
481;0.1;0.459688;
482;0.1;0.45729;
483;0.1;0.455019;
484;0.1;0.452887;
485;0.1;0.450897;
486;0.1;0.449043;
487;0.1;0.44732;
488;0.1;0.445747;
489;0.1;0.444308;
490;-0.1;0.442998;
491;-0.1;0.441606;
492;-0.1;0.439795;
493;-0.1;0.437743;
494;-0.1;0.435521;
495;-0.1;0.433114;
496;-0.1;0.430554;
497;-0.1;0.427855;
498;-0.1;0.425023;
499;-0.1;0.422045;
500;0.2;0.418929;
501;0.2;0.415813;
502;0.2;0.413052;
503;0.2;0.410767;
504;0.2;0.40893;
505;0.2;0.407436;
506;0.2;0.40624;
507;0.2;0.405326;
508;0.2;0.404702;
509;0.2;0.404354;
510;-0.1;0.404288;
511;-0.1;0.404281;
512;-0.1;0.403945;
513;-0.1;0.403271;
514;-0.1;0.402334;
515;-0.1;0.401202;
516;-0.1;0.399899;
517;-0.1;0.398439;
518;-0.1;0.396836;
519;-0.1;0.395085;
520;-0.1;0.393194;
521;-0.1;0.391172;
522;-0.1;0.389005;
523;-0.1;0.386693;
524;-0.1;0.384246;
525;-0.1;0.381672;
526;-0.1;0.378946;
527;-0.1;0.376083;
528;-0.1;0.373089;
529;-0.1;0.369963;
530;0.1;0.366691;
531;0.1;0.363439;
532;0.1;0.360432;
533;0.1;0.357705;
534;0.1;0.355227;
535;0.1;0.352935;
536;0.1;0.350789;
537;0.1;0.34879;
538;0.1;0.346932;
539;0.1;0.345215;
540;0.1;0.343632;
541;0.1;0.342185;
542;0.1;0.340871;
543;0.1;0.339694;
544;0.1;0.338655;
545;0.1;0.33775;
546;0.1;0.336983;
547;0.1;0.336352;
548;0.1;0.335862;
549;0.1;0.335506;
550;-0.1;0.335285;
551;-0.1;0.335026;
552;-0.1;0.334431;
553;-0.1;0.333558;
554;-0.1;0.332479;
555;-0.1;0.331228;
556;-0.1;0.329825;
557;-0.1;0.328266;
558;-0.1;0.326567;
559;-0.1;0.324733;
560;-0.1;0.322757;
561;-0.1;0.320635;
562;-0.1;0.318381;
563;-0.1;0.315996;
564;-0.1;0.313458;
565;-0.1;0.310782;
566;-0.1;0.307978;
567;-0.1;0.305037;
568;-0.1;0.301951;
569;-0.1;0.298723;
570;0.1;0.29537;
571;0.1;0.292084;
572;0.1;0.289205;
573;0.1;0.286599;
574;0.1;0.284163;
575;0.1;0.281889;
576;0.1;0.279769;
577;0.1;0.277796;
578;0.1;0.275958;
579;0.1;0.274257;
580;0.1;0.272688;
581;0.1;0.271259;
582;0.1;0.269968;
583;0.1;0.26881;
584;0.1;0.267788;
585;0.1;0.266903;
586;0.1;0.266158;
587;0.1;0.265547;
588;0.1;0.265076;
589;0.1;0.264739;
590;-0.1;0.264541;
591;-0.1;0.264283;
592;-0.1;0.263681;
593;-0.1;0.262825;
594;-0.1;0.261769;
595;-0.1;0.260535;
596;-0.1;0.259149;
597;-0.1;0.25762;
598;-0.1;0.255945;
599;-0.1;0.254122;
600;-0.1;0.252168;
601;-0.1;0.250082;
602;-0.1;0.247844;
603;-0.1;0.245467;
604;-0.1;0.242959;
605;-0.1;0.240316;
606;-0.1;0.237526;
607;-0.1;0.234599;
608;-0.1;0.231546;
609;-0.1;0.228355;
610;0.1;0.225023;
611;0.1;0.221705;
612;0.1;0.218641;
613;0.1;0.215854;
614;0.1;0.213313;
615;0.1;0.210959;
616;0.1;0.208753;
617;0.1;0.206689;
618;0.1;0.204766;
619;0.1;0.202987;
620;0.1;0.201344;
621;0.1;0.199835;
622;0.1;0.198463;
623;0.1;0.197228;
624;0.1;0.19613;
625;0.1;0.195169;
626;0.1;0.194349;
627;0.1;0.193662;
628;0.1;0.19311;
629;0.1;0.192701;
630;0.2;0.192429;
631;0.2;0.192383;
632;0.2;0.192692;
633;0.2;0.19336;
634;0.2;0.194315;
635;0.2;0.195551;
636;0.2;0.197076;
637;0.2;0.198886;
638;0.2;0.200956;
639;0.2;0.203303;
640;-0.2;0.205929;
641;-0.2;0.208605;
642;-0.2;0.210751;
643;-0.2;0.212399;
644;-0.2;0.213693;
645;-0.2;0.214611;
646;-0.2;0.215172;
647;-0.2;0.215461;
648;-0.2;0.215477;
649;-0.2;0.215179;
650;-0.1;0.214611;
651;-0.1;0.213886;
652;-0.1;0.213116;
653;-0.1;0.212264;
654;-0.1;0.211311;
655;-0.1;0.210238;
656;-0.1;0.209025;
657;-0.1;0.207677;
658;-0.1;0.206203;
659;-0.1;0.204591;
660;-0.1;0.202837;
661;-0.1;0.20095;
662;-0.1;0.198928;
663;-0.1;0.196766;
664;-0.1;0.19447;
665;-0.1;0.192038;
666;-0.1;0.189462;
667;-0.1;0.18675;
668;-0.1;0.183908;
669;-0.1;0.180923;
670;0.1;0.177795;
671;0.1;0.174653;
672;0.1;0.171801;
673;0.1;0.169283;
674;0.1;0.166993;
675;0.1;0.164863;
676;0.1;0.162888;
677;0.1;0.161066;
678;0.1;0.159386;
679;0.1;0.157835;
680;0.2;0.156429;
681;0.2;0.155283;
682;0.2;0.15448;
683;0.2;0.153994;
684;0.2;0.153832;
685;0.2;0.153933;
686;0.2;0.1543;
687;0.2;0.154972;
688;0.2;0.155913;
689;0.2;0.157099;
690;0.2;0.158562;
691;0.2;0.160329;
692;0.2;0.162348;
693;0.2;0.164615;
694;0.2;0.167172;
695;0.2;0.17001;
696;0.2;0.173108;
697;0.2;0.176457;
698;0.2;0.180078;
699;0.2;0.183973;
700;-0.2;0.188148;
701;-0.2;0.19243;
702;-0.2;0.196387;
703;-0.2;0.199784;
704;-0.2;0.202671;
705;-0.2;0.205203;
706;-0.2;0.207441;
707;-0.2;0.209368;
708;-0.2;0.210998;
709;-0.2;0.212351;
710;-0.1;0.213435;
711;-0.1;0.214387;
712;-0.1;0.215321;
713;-0.1;0.216158;
714;-0.1;0.21687;
715;-0.1;0.217451;
716;-0.1;0.217913;
717;-0.1;0.218243;
718;-0.1;0.218421;
719;-0.1;0.218469;
720;-0.1;0.218388;
721;-0.1;0.218164;
722;-0.1;0.217791;
723;-0.1;0.217298;
724;-0.1;0.216673;
725;-0.1;0.215895;
726;-0.1;0.214981;
727;-0.1;0.213945;
728;-0.1;0.212768;
729;-0.1;0.211442;
730;-0.1;0.20999;
731;-0.1;0.208401;
732;-0.1;0.206671;
733;-0.1;0.204804;
734;-0.1;0.202809;
735;-0.1;0.200674;
736;-0.1;0.198401;
737;-0.1;0.195998;
738;-0.1;0.193453;
739;-0.1;0.190766;
740;0.2;0.187948;
741;0.2;0.185226;
742;0.2;0.183073;
743;0.2;0.181349;
744;0.2;0.179949;
745;0.2;0.178909;
746;0.2;0.178177;
747;0.2;0.177709;
748;0.2;0.177526;
749;0.2;0.177653;
750;-0.2;0.178031;
751;-0.2;0.178527;
752;-0.2;0.1786;
753;-0.2;0.178068;
754;-0.2;0.177127;
755;-0.2;0.175848;
756;-0.2;0.17421;
757;-0.2;0.172289;
758;-0.2;0.170019;
759;-0.2;0.16747;
760;0.2;0.164714;
761;0.2;0.161917;
762;0.2;0.159632;
763;0.2;0.157817;
764;0.2;0.156339;
765;0.2;0.15528;
766;0.2;0.154585;
767;0.2;0.154165;
768;0.2;0.15403;
769;0.2;0.154184;
770;0.2;0.154584;
771;0.2;0.155244;
772;0.2;0.156209;
773;0.2;0.157435;
774;0.2;0.158907;
775;0.2;0.160659;
776;0.2;0.16271;
777;0.2;0.165014;
778;0.2;0.167566;
779;0.2;0.170402;
780;-0.2;0.173518;
781;-0.2;0.176738;
782;-0.2;0.179703;
783;-0.2;0.182189;
784;-0.2;0.184154;
785;-0.2;0.185715;
786;-0.2;0.186956;
787;-0.2;0.187887;
788;-0.2;0.188541;
789;-0.2;0.188916;
790;0.2;0.189005;
791;0.2;0.189031;
792;0.2;0.189438;
793;0.2;0.190257;
794;0.2;0.191545;
795;0.2;0.193189;
796;0.2;0.195192;
797;0.2;0.197531;
798;0.2;0.200131;
799;0.2;0.202969;
800;0.1;0.206078;
801;0.1;0.209362;
802;0.1;0.212655;
803;0.1;0.216016;
804;0.1;0.219498;
805;0.1;0.223112;
806;0.1;0.226863;
807;0.1;0.230731;
808;0.1;0.234728;
809;0.1;0.238869;
810;-0.2;0.24316;
811;-0.2;0.247443;
812;-0.2;0.251335;
813;-0.2;0.254676;
814;-0.2;0.257586;
815;-0.2;0.260203;
816;-0.2;0.262536;
817;-0.2;0.264571;
818;-0.2;0.266317;
819;-0.2;0.267796;
820;-0.2;0.269013;
821;-0.2;0.270027;
822;-0.2;0.270713;
823;-0.2;0.271074;
824;-0.2;0.271098;
825;-0.2;0.270794;
826;-0.2;0.270162;
827;-0.2;0.269196;
828;-0.2;0.267891;
829;-0.2;0.266271;
830;-0.1;0.264315;
831;-0.1;0.262002;
832;-0.1;0.259524;
833;-0.1;0.257004;
834;-0.1;0.254354;
835;-0.1;0.251578;
836;-0.1;0.248682;
837;-0.1;0.245593;
838;-0.1;0.242329;
839;-0.1;0.238936;
840;0.1;0.23537;
841;0.1;0.231628;
842;0.1;0.227902;
843;0.1;0.224486;
844;0.1;0.221424;
845;0.1;0.218639;
846;0.1;0.216049;
847;0.1;0.213631;
848;0.1;0.211389;
849;0.1;0.209318;
850;0.1;0.20741;
851;0.1;0.205664;
852;0.1;0.204084;
853;0.1;0.20267;
854;0.1;0.201421;
855;0.1;0.200334;
856;0.1;0.199412;
857;0.1;0.198659;
858;0.1;0.19807;
859;0.1;0.197648;
860;0.2;0.19739;
861;0.2;0.1973;
862;0.2;0.197531;
863;0.2;0.198196;
864;0.2;0.199243;
865;0.2;0.200647;
866;0.2;0.202387;
867;0.2;0.204456;
868;0.2;0.206887;
869;0.2;0.209648;
870;-0.2;0.212682;
871;-0.2;0.216058;
872;-0.2;0.219555;
873;-0.2;0.222664;
874;-0.2;0.225297;
875;-0.2;0.227292;
876;-0.2;0.228826;
877;-0.2;0.229995;
878;-0.2;0.230769;
879;-0.2;0.231207;
880;-0.1;0.231336;
881;-0.1;0.231105;
882;-0.1;0.230725;
883;-0.1;0.230314;
884;-0.1;0.229781;
885;-0.1;0.229103;
886;-0.1;0.22829;
887;-0.1;0.227325;
888;-0.1;0.226178;
889;-0.1;0.224881;
890;-0.1;0.223433;
891;-0.1;0.221805;
892;-0.1;0.220017;
893;-0.1;0.218074;
894;-0.1;0.215961;
895;-0.1;0.213681;
896;-0.1;0.211247;
897;-0.1;0.208644;
898;-0.1;0.205877;
899;-0.1;0.202958;
900;0.2;0.199875;
901;0.2;0.19659;
902;0.2;0.193351;
903;0.2;0.190508;
904;0.2;0.188284;
905;0.2;0.18656;
906;0.2;0.185128;
907;0.2;0.184058;
908;0.2;0.1834;
909;0.2;0.183043;
910;0.2;0.183007;
911;0.2;0.183336;
912;0.2;0.183964;
913;0.2;0.184908;
914;0.2;0.186218;
915;0.2;0.187841;
916;0.2;0.189778;
917;0.2;0.192061;
918;0.2;0.194672;
919;0.2;0.197597;
920;-0.2;0.20086;
921;-0.2;0.204444;
922;-0.2;0.20805;
923;-0.2;0.211077;
924;-0.2;0.213615;
925;-0.2;0.215669;
926;-0.2;0.217244;
927;-0.2;0.218454;
928;-0.2;0.219318;
929;-0.2;0.2198;
930;-0.1;0.21997;
931;-0.1;0.219826;
932;-0.1;0.219516;
933;-0.1;0.219195;
934;-0.1;0.218749;
935;-0.1;0.218158;
936;-0.1;0.217444;
937;-0.1;0.216547;
938;-0.1;0.215472;
939;-0.1;0.214263;
940;-0.1;0.212895;
941;-0.1;0.211341;
942;-0.1;0.209628;
943;-0.1;0.207772;
944;-0.1;0.205749;
945;-0.1;0.203571;
946;-0.1;0.20122;
947;-0.1;0.198704;
948;-0.1;0.196027;
949;-0.1;0.193176;
950;0.2;0.19016;
951;0.2;0.186991;
952;0.2;0.183934;
953;0.2;0.181402;
954;0.2;0.179291;
955;0.2;0.177676;
956;0.2;0.176463;
957;0.2;0.175578;
958;0.2;0.175058;
959;0.2;0.174884;
960;0.2;0.175014;
961;0.2;0.175486;
962;0.2;0.176313;
963;0.2;0.177436;
964;0.2;0.17888;
965;0.2;0.180688;
966;0.2;0.182798;
967;0.2;0.185226;
968;0.2;0.188004;
969;0.2;0.191083;
970;-0.2;0.194492;
971;-0.2;0.198272;
972;-0.2;0.202163;
973;-0.2;0.205698;
974;-0.2;0.208655;
975;-0.2;0.210947;
976;-0.2;0.212871;
977;-0.2;0.214439;
978;-0.2;0.215593;
979;-0.2;0.21641;
980;-0.1;0.216908;
981;-0.1;0.217037;
982;-0.1;0.21701;
983;-0.1;0.216938;
984;-0.1;0.216747;
985;-0.1;0.216417;
986;-0.1;0.215955;
987;-0.1;0.215331;
988;-0.1;0.214526;
989;-0.1;0.213579;
990;-0.1;0.212469;
991;-0.1;0.211176;
992;-0.1;0.209729;
993;-0.1;0.208118;
994;-0.1;0.206332;
995;-0.1;0.204382;
996;-0.1;0.202276;
997;-0.1;0.199998;
998;-0.1;0.197558;
999;-0.1;0.194955;
1000;0.2;0.192176;
1001;0.2;0.189235;
1002;0.2;0.186416;
1003;0.2;0.184128;
1004;0.2;0.182458;
1005;0.2;0.181235;
1006;0.2;0.180286;
1007;0.2;0.179704;
1008;0.2;0.179522;
1009;0.2;0.179619;
1010;0.1;0.180014;
1011;0.1;0.1808;
1012;0.1;0.18177;
1013;0.1;0.182803;
1014;0.1;0.183936;
1015;0.1;0.185196;
1016;0.1;0.186606;
1017;0.1;0.188184;
1018;0.1;0.189921;
1019;0.1;0.191818;
1020;0.0;0.193883;
1021;0.0;0.196113;
1022;0.0;0.198328;
1023;0.0;0.200415;
1024;0.0;0.20245;
1025;0.0;0.20446;
1026;0.0;0.206457;
1027;0.0;0.208449;
1028;0.0;0.210438;
1029;0.0;0.212423;
1030;-0.1;0.214409;
1031;-0.1;0.216396;
1032;-0.1;0.21818;
1033;-0.1;0.219655;
1034;-0.1;0.220931;
1035;-0.1;0.221994;
1036;-0.1;0.222878;
1037;-0.1;0.223587;
1038;-0.1;0.224123;
1039;-0.1;0.224536;
1040;-0.1;0.224747;
1041;-0.1;0.22477;
1042;-0.1;0.224674;
1043;-0.1;0.224411;
1044;-0.1;0.223944;
1045;-0.1;0.223341;
1046;-0.1;0.222589;
1047;-0.1;0.221656;
1048;-0.1;0.220578;
1049;-0.1;0.219334;
1050;-0.1;0.217903;
1051;-0.1;0.216327;
1052;-0.1;0.214589;
1053;-0.1;0.212673;
1054;-0.1;0.210603;
1055;-0.1;0.20837;
1056;-0.1;0.205966;
1057;-0.1;0.203402;
1058;-0.1;0.200684;
1059;-0.1;0.197793;
1060;0.2;0.194743;
1061;0.2;0.191534;
1062;0.2;0.188399;
1063;0.2;0.185686;
1064;0.2;0.183436;
1065;0.2;0.181712;
1066;0.2;0.180371;
1067;0.2;0.179352;
1068;0.2;0.17871;
1069;0.2;0.178395;
1070;0.2;0.17839;
1071;0.2;0.178739;
1072;0.2;0.179396;
1073;0.2;0.180435;
1074;0.2;0.181807;
1075;0.2;0.183448;
1076;0.2;0.185431;
1077;0.2;0.187774;
1078;0.2;0.190421;
1079;0.2;0.193352;
1080;-0.2;0.196628;
1081;-0.2;0.200237;
1082;-0.2;0.20399;
1083;-0.2;0.207397;
1084;-0.2;0.210126;
1085;-0.2;0.212241;
1086;-0.2;0.213919;
1087;-0.2;0.215194;
1088;-0.2;0.216072;
1089;-0.2;0.216627;
1090;-0.1;0.216845;
1091;-0.1;0.216687;
1092;-0.1;0.21638;
1093;-0.1;0.216022;
1094;-0.1;0.215547;
1095;-0.1;0.21495;
1096;-0.1;0.21422;
1097;-0.1;0.21332;
1098;-0.1;0.212255;
1099;-0.1;0.211044;
1100;-0.1;0.209659;
1101;-0.1;0.208095;
1102;-0.1;0.206384;
1103;-0.1;0.204504;
1104;-0.1;0.20245;
1105;-0.1;0.200241;
1106;-0.1;0.197877;
1107;-0.1;0.195302;
1108;-0.1;0.192568;
1109;-0.1;0.189716;
1110;0.2;0.186675;
1111;0.2;0.183435;
1112;0.2;0.180237;
1113;0.2;0.177506;
1114;0.2;0.175417;
1115;0.2;0.173752;
1116;0.2;0.172415;
1117;0.2;0.17146;
1118;0.2;0.170843;
1119;0.2;0.170535;
1120;0.2;0.170584;
1121;0.2;0.170967;
1122;0.2;0.171652;
1123;0.2;0.172681;
1124;0.2;0.174059;
1125;0.2;0.175738;
1126;0.2;0.177736;
1127;0.2;0.180091;
1128;0.2;0.182754;
1129;0.2;0.185738;
1130;-0.2;0.189056;
1131;-0.2;0.192692;
1132;-0.2;0.196432;
1133;-0.2;0.199801;
1134;-0.2;0.202642;
1135;-0.2;0.204861;
1136;-0.2;0.206606;
1137;-0.2;0.207953;
1138;-0.2;0.208916;
1139;-0.2;0.20951;
1140;-0.1;0.209759;
1141;-0.1;0.209671;
1142;-0.1;0.209446;
1143;-0.1;0.209187;
1144;-0.1;0.208817;
1145;-0.1;0.20833;
1146;-0.1;0.207718;
1147;-0.1;0.206932;
1148;-0.1;0.205981;
1149;-0.1;0.204897;
1150;-0.1;0.203644;
1151;-0.1;0.202232;
1152;-0.1;0.200646;
1153;-0.1;0.198883;
1154;-0.1;0.196961;
1155;-0.1;0.194862;
1156;-0.1;0.192593;
1157;-0.1;0.190168;
1158;-0.1;0.187572;
1159;-0.1;0.184804;
1160;0.2;0.181884;
1161;0.2;0.178791;
1162;0.2;0.175777;
1163;0.2;0.173191;
1164;0.2;0.171057;
1165;0.2;0.16944;
1166;0.2;0.168207;
1167;0.2;0.167295;
1168;0.2;0.166756;
1169;0.2;0.166543;
1170;0.2;0.16664;
1171;0.2;0.167101;
1172;0.2;0.167887;
1173;0.2;0.168975;
1174;0.2;0.170412;
1175;0.2;0.172156;
1176;0.2;0.174263;
1177;0.2;0.176715;
1178;0.2;0.17944;
1179;0.2;0.182488;
1180;-0.2;0.185902;
1181;-0.2;0.189635;
1182;-0.2;0.193453;
1183;-0.2;0.196841;
1184;-0.2;0.199531;
1185;-0.2;0.201667;
1186;-0.2;0.203361;
1187;-0.2;0.204662;
1188;-0.2;0.20559;
1189;-0.2;0.206167;
1190;-0.1;0.206405;
1191;-0.1;0.206281;
1192;-0.1;0.206006;
1193;-0.1;0.205697;
1194;-0.1;0.205278;
1195;-0.1;0.204738;
1196;-0.1;0.204055;
1197;-0.1;0.203209;
1198;-0.1;0.202204;
1199;-0.1;0.201038;
1200;0.2;0.199702;
1201;0.2;0.198195;
1202;0.2;0.196807;
1203;0.2;0.195985;
1204;0.2;0.195599;
1205;0.2;0.195629;
1206;0.2;0.196059;
1207;0.2;0.196824;
1208;0.2;0.197924;
1209;0.2;0.199361;
1210;-0.1;0.201127;
1211;-0.1;0.203222;
1212;-0.1;0.205437;
1213;-0.1;0.207269;
1214;-0.1;0.208752;
1215;-0.1;0.20987;
1216;-0.1;0.21072;
1217;-0.1;0.211398;
1218;-0.1;0.211888;
1219;-0.1;0.212191;
1220;-0.1;0.212343;
1221;-0.1;0.212326;
1222;-0.1;0.212121;
1223;-0.1;0.21177;
1224;-0.1;0.211258;
1225;-0.1;0.21056;
1226;-0.1;0.209711;
1227;-0.1;0.20871;
1228;-0.1;0.207528;
1229;-0.1;0.206181;
1230;-0.1;0.204678;
1231;-0.1;0.202999;
1232;-0.1;0.20115;
1233;-0.1;0.199146;
1234;-0.1;0.19697;
1235;-0.1;0.194628;
1236;-0.1;0.192128;
1237;-0.1;0.189445;
1238;-0.1;0.186596;
1239;-0.1;0.183597;
1240;0.2;0.18042;
1241;0.2;0.177065;
1242;0.2;0.173748;
1243;0.2;0.171;
1244;0.2;0.168744;
1245;0.2;0.167007;
1246;0.2;0.165634;
1247;0.2;0.164536;
1248;0.2;0.163823;
1249;0.2;0.163471;
1250;0.2;0.163391;
1251;0.2;0.163655;
1252;0.2;0.164283;
1253;0.2;0.165207;
1254;0.2;0.166475;
1255;0.2;0.168083;
1256;0.2;0.169992;
1257;0.2;0.172226;
1258;0.2;0.174812;
1259;0.2;0.177712;
1260;0.0;0.180927;
1261;0.0;0.184476;
1262;0.0;0.188102;
1263;0.0;0.191474;
1264;0.0;0.194729;
1265;0.0;0.197925;
1266;0.0;0.201092;
1267;0.0;0.20424;
1268;0.0;0.207383;
1269;0.0;0.210524;
1270;-0.2;0.213658;
1271;-0.2;0.21679;
1272;-0.2;0.219706;
1273;-0.2;0.221984;
1274;-0.2;0.223802;
1275;-0.2;0.225223;
1276;-0.2;0.226234;
1277;-0.2;0.226907;
1278;-0.2;0.227196;
1279;-0.2;0.227204;
1280;-0.1;0.226928;
1281;-0.1;0.226236;
1282;-0.1;0.22536;
1283;-0.1;0.224491;
1284;-0.1;0.223516;
1285;-0.1;0.222397;
1286;-0.1;0.221184;
1287;-0.1;0.219806;
1288;-0.1;0.218277;
1289;-0.1;0.216595;
1290;-0.1;0.214734;
1291;-0.1;0.212701;
1292;-0.1;0.210518;
1293;-0.1;0.20816;
1294;-0.1;0.205637;
1295;-0.1;0.202963;
1296;-0.1;0.200109;
1297;-0.1;0.197094;
1298;-0.1;0.19393;
1299;-0.1;0.190599;
1300;0.2;0.187088;
1301;0.2;0.183428;
1302;0.2;0.179917;
1303;0.2;0.177015;
1304;0.2;0.174499;
1305;0.2;0.172379;
1306;0.2;0.170675;
1307;0.2;0.169307;
1308;0.2;0.168261;
1309;0.2;0.167573;
1310;0.2;0.167205;
1311;0.2;0.167156;
1312;0.2;0.167445;
1313;0.2;0.168061;
1314;0.2;0.169051;
1315;0.2;0.170337;
1316;0.2;0.17192;
1317;0.2;0.173881;
1318;0.2;0.176168;
1319;0.2;0.178731;
1320;0.2;0.181644;
1321;0.2;0.184895;
1322;0.2;0.188462;
1323;0.2;0.192349;
1324;0.2;0.196549;
1325;0.2;0.201084;
1326;0.2;0.205956;
1327;0.2;0.211137;
1328;0.2;0.216633;
1329;0.2;0.222483;
1330;-0.2;0.228681;
1331;-0.2;0.23515;
1332;-0.2;0.241651;
1333;-0.2;0.247487;
1334;-0.2;0.252773;
1335;-0.2;0.257623;
1336;-0.2;0.261957;
1337;-0.2;0.265866;
1338;-0.2;0.269437;
1339;-0.2;0.272699;
1340;-0.2;0.275613;
1341;-0.2;0.278184;
1342;-0.2;0.280465;
1343;-0.2;0.282411;
1344;-0.2;0.284025;
1345;-0.2;0.285331;
1346;-0.2;0.286303;
1347;-0.2;0.286963;
1348;-0.2;0.28722;
1349;-0.2;0.287133;
1350;-0.1;0.28678;
1351;-0.1;0.286071;
1352;-0.1;0.285157;
1353;-0.1;0.284236;
1354;-0.1;0.28323;
1355;-0.1;0.282067;
1356;-0.1;0.280762;
1357;-0.1;0.279295;
1358;-0.1;0.277663;
1359;-0.1;0.275879;
1360;-0.1;0.273922;
1361;-0.1;0.271793;
1362;-0.1;0.26951;
1363;-0.1;0.26705;
1364;-0.1;0.264421;
1365;-0.1;0.261638;
1366;-0.1;0.258681;
1367;-0.1;0.255552;
1368;-0.1;0.252271;
1369;-0.1;0.248822;
1370;0.1;0.245196;
1371;0.1;0.241394;
1372;0.1;0.237668;
1373;0.1;0.234323;
1374;0.1;0.231298;
1375;0.1;0.228534;
1376;0.1;0.22596;
1377;0.1;0.223562;
1378;0.1;0.221347;
1379;0.1;0.219302;
1380;0.1;0.217418;
1381;0.1;0.215703;
1382;0.1;0.214155;
1383;0.1;0.212772;
1384;0.1;0.211557;
1385;0.1;0.210507;
1386;0.1;0.209623;
1387;0.1;0.208906;
1388;0.1;0.208355;
1389;0.1;0.207969;
1390;-0.1;0.20775;
1391;-0.1;0.207698;
1392;-0.1;0.207595;
1393;-0.1;0.207085;
1394;-0.1;0.206217;
1395;-0.1;0.205111;
1396;-0.1;0.20378;
1397;-0.1;0.202232;
1398;-0.1;0.200515;
1399;-0.1;0.198638;
1400;0.2;0.196523;
1401;0.2;0.194119;
1402;0.2;0.191667;
1403;0.2;0.189648;
1404;0.2;0.18811;
1405;0.2;0.186854;
1406;0.2;0.185831;
1407;0.2;0.185069;
1408;0.2;0.184515;
1409;0.2;0.184163;
1410;0.2;0.184046;
1411;0.2;0.184129;
1412;0.2;0.18441;
1413;0.2;0.184917;
1414;0.2;0.185635;
1415;0.2;0.186546;
1416;0.2;0.187676;
1417;0.2;0.189021;
1418;0.2;0.190578;
1419;0.2;0.19236;
1420;0.2;0.194347;
1421;0.2;0.196519;
1422;0.2;0.198901;
1423;0.2;0.2015;
1424;0.2;0.204296;
1425;0.2;0.207277;
1426;0.2;0.210481;
1427;0.2;0.213902;
1428;0.2;0.217525;
1429;0.2;0.221343;
1430;-0.2;0.225371;
1431;-0.2;0.229608;
1432;-0.2;0.233828;
1433;-0.2;0.237327;
1434;-0.2;0.23993;
1435;-0.2;0.241835;
1436;-0.2;0.243142;
1437;-0.2;0.243925;
1438;-0.2;0.244228;
1439;-0.2;0.244022;
1440;-0.1;0.2434;
1441;-0.1;0.242312;
1442;-0.1;0.240925;
1443;-0.1;0.239429;
1444;-0.1;0.237727;
1445;-0.1;0.235743;
1446;-0.1;0.233506;
1447;-0.1;0.231008;
1448;-0.1;0.228206;
1449;-0.1;0.225119;
1450;0.1;0.221757;
1451;0.1;0.218109;
1452;0.1;0.214454;
1453;0.1;0.211122;
1454;0.1;0.207938;
1455;0.1;0.20487;
1456;0.1;0.201883;
1457;0.1;0.198945;
1458;0.1;0.19606;
1459;0.1;0.193216;
1460;-0.1;0.190415;
1461;-0.1;0.187669;
1462;-0.1;0.184762;
1463;-0.1;0.181359;
1464;-0.1;0.177425;
1465;-0.1;0.173102;
1466;-0.1;0.168489;
1467;-0.1;0.163559;
1468;-0.1;0.158314;
1469;-0.1;0.15276;
1470;0.2;0.146943;
1471;0.2;0.140866;
1472;0.2;0.134787;
1473;0.2;0.129195;
1474;0.2;0.123954;
1475;0.2;0.118997;
1476;0.2;0.114313;
1477;0.2;0.109905;
1478;0.2;0.105687;
1479;0.2;0.101654;
1480;0.2;0.0978678;
1481;0.2;0.0942922;
1482;0.2;0.0909312;
1483;0.2;0.0877492;
1484;0.2;0.0847738;
1485;0.2;0.0820384;
1486;0.2;0.0794963;
1487;0.2;0.0771322;
1488;0.2;0.0749959;
1489;0.2;0.0730794;
1490;0.2;0.0713389;
1491;0.2;0.0698008;
1492;0.2;0.0684774;
1493;0.2;0.0673625;
1494;0.2;0.066451;
1495;0.2;0.065745;
1496;0.2;0.0652527;
1497;0.2;0.0649607;
1498;0.2;0.0648743;
1499;0.2;0.0650055;
1500;0.2;0.0653351;
1501;0.2;0.0658742;
1502;0.2;0.066627;
1503;0.2;0.0675812;
1504;0.2;0.0687459;
1505;0.2;0.0701152;
1506;0.2;0.0716919;
1507;0.2;0.073469;
1508;0.2;0.0754476;
1509;0.2;0.077654;
1510;0.2;0.0800568;
1511;0.2;0.0826497;
1512;0.2;0.0854624;
1513;0.2;0.0884857;
1514;0.2;0.0917114;
1515;0.2;0.0951558;
1516;0.2;0.0988149;
1517;0.2;0.102679;
1518;0.2;0.106746;
1519;0.2;0.111029;
1520;-0.2;0.115521;
1521;-0.2;0.120215;
1522;-0.2;0.12486;
1523;-0.2;0.128757;
1524;-0.2;0.131885;
1525;-0.2;0.13425;
1526;-0.2;0.136054;
1527;-0.2;0.137385;
1528;-0.2;0.138185;
1529;-0.2;0.138496;
1530;0.2;0.13838;
1531;0.2;0.13782;
1532;0.2;0.137076;
1533;0.2;0.136784;
1534;0.2;0.136919;
1535;0.2;0.137407;
1536;0.2;0.138199;
1537;0.2;0.13925;
1538;0.2;0.140535;
1539;0.2;0.142049;
1540;0.2;0.143784;
1541;0.2;0.145728;
1542;0.2;0.147895;
1543;0.2;0.150271;
1544;0.2;0.152856;
1545;0.2;0.155651;
1546;0.2;0.158646;
1547;0.2;0.161877;
1548;0.2;0.165293;
1549;0.2;0.168555;
1550;-0.2;0.172019;
1551;-0.2;0.175666;
1552;-0.2;0.179305;
1553;-0.2;0.182484;
1554;-0.2;0.184934;
1555;-0.2;0.186751;
1556;-0.2;0.188062;
1557;-0.2;0.188896;
1558;-0.2;0.189303;
1559;-0.2;0.189313;
1560;-0.1;0.188913;
1561;-0.1;0.188108;
1562;-0.1;0.18709;
1563;-0.1;0.185957;
1564;-0.1;0.184647;
1565;-0.1;0.183137;
1566;-0.1;0.181425;
1567;-0.1;0.179483;
1568;-0.1;0.177304;
1569;-0.1;0.174907;
1570;0.2;0.172243;
1571;0.2;0.169344;
1572;0.2;0.166403;
1573;0.2;0.163857;
1574;0.2;0.161835;
1575;0.2;0.160187;
1576;0.2;0.158817;
1577;0.2;0.157766;
1578;0.2;0.15702;
1579;0.2;0.156539;
1580;0.2;0.156336;
1581;0.2;0.156417;
1582;0.2;0.156764;
1583;0.2;0.157384;
1584;0.2;0.158297;
1585;0.2;0.15949;
1586;0.2;0.160944;
1587;0.2;0.162674;
1588;0.2;0.164699;
1589;0.2;0.16699;
1590;0.2;0.169543;
1591;0.2;0.172377;
1592;0.2;0.175489;
1593;0.2;0.17887;
1594;0.2;0.182523;
1595;0.2;0.186442;
1596;0.2;0.190634;
1597;0.2;0.195106;
1598;0.2;0.199854;
1599;0.2;0.204861;
1600;-0.2;0.210131;
1601;-0.2;0.215681;
1602;-0.2;0.221348;
1603;-0.2;0.226681;
1604;-0.2;0.231524;
1605;-0.2;0.235776;
1606;-0.2;0.239519;
1607;-0.2;0.242932;
1608;-0.2;0.246053;
1609;-0.2;0.248845;
1610;-0.2;0.251342;
1611;-0.2;0.253587;
1612;-0.2;0.25557;
1613;-0.2;0.257282;
1614;-0.2;0.25872;
1615;-0.2;0.259897;
1616;-0.2;0.260814;
1617;-0.2;0.261458;
1618;-0.2;0.261829;
1619;-0.2;0.261919;
1620;-0.1;0.261744;
1621;-0.1;0.261291;
1622;-0.1;0.260717;
1623;-0.1;0.260135;
1624;-0.1;0.259474;
1625;-0.1;0.258712;
1626;-0.1;0.257814;
1627;-0.1;0.256796;
1628;-0.1;0.25565;
1629;-0.1;0.25437;
1630;-0.1;0.25294;
1631;-0.1;0.251379;
1632;-0.1;0.249684;
1633;-0.1;0.247841;
1634;-0.1;0.245855;
1635;-0.1;0.243743;
1636;-0.1;0.241494;
1637;-0.1;0.239099;
1638;-0.1;0.236562;
1639;-0.1;0.233902;
1640;0.1;0.231105;
1641;0.1;0.228166;
1642;0.1;0.225277;
1643;0.1;0.222704;
1644;0.1;0.220413;
1645;0.1;0.218336;
1646;0.1;0.216345;
1647;0.1;0.214402;
1648;0.1;0.212505;
1649;0.1;0.210648;
1650;0.1;0.208828;
1651;0.1;0.207041;
1652;0.1;0.205292;
1653;0.1;0.203579;
1654;0.1;0.201895;
1655;0.1;0.200248;
1656;0.1;0.198635;
1657;0.1;0.197057;
1658;0.1;0.195514;
1659;0.1;0.194002;
1660;0.2;0.192523;
1661;0.2;0.191076;
1662;0.2;0.189769;
1663;0.2;0.188736;
1664;0.2;0.187932;
1665;0.2;0.187346;
1666;0.2;0.186944;
1667;0.2;0.186686;
1668;0.2;0.186615;
1669;0.2;0.186722;
1670;0.2;0.186994;
1671;0.2;0.187426;
1672;0.2;0.188037;
1673;0.2;0.188819;
1674;0.2;0.189769;
1675;0.2;0.190906;
1676;0.2;0.192213;
1677;0.2;0.193681;
1678;0.2;0.195322;
1679;0.2;0.197149;
1680;0.1;0.199132;
1681;0.1;0.201285;
1682;0.1;0.203486;
1683;0.1;0.205616;
1684;0.1;0.207712;
1685;0.1;0.209816;
1686;0.1;0.211951;
1687;0.1;0.214108;
1688;0.1;0.216297;
1689;0.1;0.218523;
1690;-0.1;0.220788;
1691;-0.1;0.223075;
1692;-0.1;0.225181;
1693;-0.1;0.226742;
1694;-0.1;0.227917;
1695;-0.1;0.22881;
1696;-0.1;0.2294;
1697;-0.1;0.229737;
1698;-0.1;0.229835;
1699;-0.1;0.229677;
1700;-0.1;0.229263;
1701;-0.1;0.228627;
1702;-0.1;0.227761;
1703;-0.1;0.226641;
1704;-0.1;0.225278;
1705;-0.1;0.223695;
1706;-0.1;0.221871;
1707;-0.1;0.219794;
1708;-0.1;0.21749;
1709;-0.1;0.214936;
1710;0.1;0.212138;
1711;0.1;0.209129;
1712;0.1;0.206105;
1713;0.1;0.203382;
1714;0.1;0.200813;
1715;0.1;0.198318;
1716;0.1;0.195893;
1717;0.1;0.193529;
1718;0.1;0.191207;
1719;0.1;0.188919;
1720;0.2;0.186667;
1721;0.2;0.184451;
1722;0.2;0.182375;
1723;0.2;0.180567;
1724;0.2;0.179014;
1725;0.2;0.177647;
1726;0.2;0.176452;
1727;0.2;0.175447;
1728;0.2;0.174614;
1729;0.2;0.173947;
1730;0.2;0.17345;
1731;0.2;0.173119;
1732;0.2;0.172973;
1733;0.2;0.17301;
1734;0.2;0.173204;
1735;0.2;0.173568;
1736;0.2;0.174109;
1737;0.2;0.174828;
1738;0.2;0.175699;
1739;0.2;0.176752;
1740;0.2;0.177976;
1741;0.2;0.179357;
1742;0.2;0.180924;
1743;0.2;0.182667;
1744;0.2;0.184564;
1745;0.2;0.186624;
1746;0.2;0.188876;
1747;0.2;0.191292;
1748;0.2;0.193869;
1749;0.2;0.196628;
1750;-0.2;0.199551;
1751;-0.2;0.202639;
1752;-0.2;0.205699;
1753;-0.2;0.208252;
1754;-0.2;0.210164;
1755;-0.2;0.211504;
1756;-0.2;0.21229;
1757;-0.2;0.212572;
1758;-0.2;0.212459;
1759;-0.2;0.211956;
1760;-0.1;0.211046;
1761;-0.1;0.209746;
1762;-0.1;0.208221;
1763;-0.1;0.206601;
1764;-0.1;0.2048;
1765;-0.1;0.202803;
1766;-0.1;0.200584;
1767;-0.1;0.198147;
1768;-0.1;0.195478;
1769;-0.1;0.192565;
1770;0.2;0.189413;
1771;0.2;0.18603;
1772;0.2;0.182645;
1773;0.2;0.179716;
1774;0.2;0.177108;
1775;0.2;0.174732;
1776;0.2;0.17257;
1777;0.2;0.170624;
1778;0.2;0.168896;
1779;0.2;0.167319;
1780;0.2;0.165899;
1781;0.2;0.16468;
1782;0.2;0.163638;
1783;0.2;0.162748;
1784;0.2;0.162036;
1785;0.2;0.161506;
1786;0.2;0.161137;
1787;0.2;0.160948;
1788;0.2;0.160935;
1789;0.2;0.161077;
1790;0.2;0.16138;
1791;0.2;0.161878;
1792;0.2;0.162545;
1793;0.2;0.163362;
1794;0.2;0.164361;
1795;0.2;0.165542;
1796;0.2;0.166883;
1797;0.2;0.168382;
1798;0.2;0.170058;
1799;0.2;0.171911;
1800;0.2;0.173941;
1801;0.2;0.176142;
1802;0.2;0.178493;
1803;0.2;0.181024;
1804;0.2;0.183734;
1805;0.2;0.186607;
1806;0.2;0.189645;
1807;0.2;0.192844;
1808;0.2;0.196216;
1809;0.2;0.199771;
1810;-0.2;0.203493;
1811;-0.2;0.207375;
1812;-0.2;0.211201;
1813;-0.2;0.214503;
1814;-0.2;0.217235;
1815;-0.2;0.219331;
1816;-0.2;0.220903;
1817;-0.2;0.222025;
1818;-0.2;0.222707;
1819;-0.2;0.222971;
1820;-0.1;0.222864;
1821;-0.1;0.22236;
1822;-0.1;0.221608;
1823;-0.1;0.22076;
1824;-0.1;0.219755;
1825;-0.1;0.218539;
1826;-0.1;0.217122;
1827;-0.1;0.215474;
1828;-0.1;0.213576;
1829;-0.1;0.211442;
1830;0.1;0.209089;
1831;0.1;0.206486;
1832;0.1;0.203874;
1833;0.1;0.201525;
1834;0.1;0.199324;
1835;0.1;0.197223;
1836;0.1;0.195189;
1837;0.1;0.193215;
1838;0.1;0.191278;
1839;0.1;0.189381;
1840;0.2;0.18751;
1841;0.2;0.185686;
1842;0.2;0.184015;
1843;0.2;0.182614;
1844;0.2;0.181457;
1845;0.2;0.180524;
1846;0.2;0.179752;
1847;0.2;0.179138;
1848;0.2;0.178712;
1849;0.2;0.17847;
1850;0.2;0.178375;
1851;0.2;0.178459;
1852;0.2;0.178722;
1853;0.2;0.179139;
1854;0.2;0.179735;
1855;0.2;0.180524;
1856;0.2;0.181467;
1857;0.2;0.182569;
1858;0.2;0.183862;
1859;0.2;0.185326;
1860;0.1;0.186944;
1861;0.1;0.188749;
1862;0.1;0.190586;
1863;0.1;0.192322;
1864;0.1;0.194027;
1865;0.1;0.195757;
1866;0.1;0.197501;
1867;0.1;0.199277;
1868;0.1;0.201074;
1869;0.1;0.202923;
1870;-0.1;0.204796;
1871;-0.1;0.2067;
1872;-0.1;0.208434;
1873;-0.1;0.209694;
1874;-0.1;0.21061;
1875;-0.1;0.211177;
1876;-0.1;0.211454;
1877;-0.1;0.211472;
1878;-0.1;0.211236;
1879;-0.1;0.210738;
1880;-0.1;0.210012;
1881;-0.1;0.209041;
1882;-0.1;0.207833;
1883;-0.1;0.206378;
1884;-0.1;0.204688;
1885;-0.1;0.202759;
1886;-0.1;0.200593;
1887;-0.1;0.198188;
1888;-0.1;0.195547;
1889;-0.1;0.192649;
1890;0.2;0.189497;
1891;0.2;0.186142;
1892;0.2;0.182772;
1893;0.2;0.179862;
1894;0.2;0.177301;
1895;0.2;0.174956;
1896;0.2;0.172846;
1897;0.2;0.170975;
1898;0.2;0.169276;
1899;0.2;0.167758;
1900;0.2;0.166409;
1901;0.2;0.165237;
1902;0.2;0.164226;
1903;0.2;0.163407;
1904;0.2;0.162746;
1905;0.2;0.162249;
1906;0.2;0.161925;
1907;0.2;0.161781;
1908;0.2;0.161806;
1909;0.2;0.161986;
1910;0.2;0.162345;
1911;0.2;0.162871;
1912;0.2;0.163576;
1913;0.2;0.164456;
1914;0.2;0.165495;
1915;0.2;0.166708;
1916;0.2;0.168097;
1917;0.2;0.169651;
1918;0.2;0.171368;
1919;0.2;0.17326;
1920;0.2;0.175323;
1921;0.2;0.177542;
1922;0.2;0.179957;
1923;0.2;0.182526;
1924;0.2;0.185257;
1925;0.2;0.188166;
1926;0.2;0.191246;
1927;0.2;0.194484;
1928;0.2;0.197909;
1929;0.2;0.201501;
1930;-0.2;0.205262;
1931;-0.2;0.209174;
1932;-0.2;0.213097;
1933;-0.2;0.216488;
1934;-0.2;0.219307;
1935;-0.2;0.221558;
1936;-0.2;0.223225;
1937;-0.2;0.22441;
1938;-0.2;0.225221;
1939;-0.2;0.225631;
1940;-0.1;0.225624;
1941;-0.1;0.225254;
1942;-0.1;0.224683;
1943;-0.1;0.224002;
1944;-0.1;0.223151;
1945;-0.1;0.222096;
1946;-0.1;0.220787;
1947;-0.1;0.219264;
1948;-0.1;0.217496;
1949;-0.1;0.215505;
1950;0.2;0.213261;
1951;0.2;0.210779;
1952;0.2;0.208236;
1953;0.2;0.20602;
1954;0.2;0.204159;
1955;0.2;0.202585;
1956;0.2;0.201293;
1957;0.2;0.200223;
1958;0.2;0.199301;
1959;0.2;0.198551;
1960;0.2;0.198005;
1961;0.2;0.197622;
1962;0.2;0.197392;
1963;0.2;0.197347;
1964;0.2;0.197478;
1965;0.2;0.197762;
1966;0.2;0.198223;
1967;0.2;0.198875;
1968;0.2;0.199686;
1969;0.2;0.200663;
1970;-0.2;0.201825;
1971;-0.2;0.203152;
1972;-0.2;0.204442;
1973;-0.2;0.205167;
1974;-0.2;0.205245;
1975;-0.2;0.204774;
1976;-0.2;0.203788;
1977;-0.2;0.20238;
1978;-0.2;0.200549;
1979;-0.2;0.198295;
1980;0.2;0.195667;
1981;0.2;0.192674;
1982;0.2;0.189536;
1983;0.2;0.186773;
1984;0.2;0.18434;
1985;0.2;0.1822;
1986;0.2;0.180392;
1987;0.2;0.17882;
1988;0.2;0.17744;
1989;0.2;0.176254;
1990;0.2;0.17526;
1991;0.2;0.174417;
1992;0.2;0.173749;
1993;0.2;0.173273;
1994;0.2;0.172962;
1995;0.2;0.17281;
1996;0.2;0.172849;
1997;0.2;0.173069;
1998;0.2;0.173439;
1999;0.2;0.173975;
2000;0.2;0.174684;
2001;0.2;0.175574;
2002;0.2;0.176638;
2003;0.2;0.177876;
2004;0.2;0.179279;
2005;0.2;0.180847;
2006;0.2;0.182589;
2007;0.2;0.184495;
2008;0.2;0.186567;
2009;0.2;0.188811;
2010;0.2;0.191222;
2011;0.2;0.193806;
2012;0.2;0.196579;
2013;0.2;0.199493;
2014;0.2;0.202582;
2015;0.2;0.205859;
2016;0.2;0.209295;
2017;0.2;0.212888;
2018;0.2;0.216671;
2019;0.2;0.22062;
2020;-0.2;0.224744;
2021;-0.2;0.229033;
2022;-0.2;0.233311;
2023;-0.2;0.237086;
2024;-0.2;0.240263;
2025;-0.2;0.242888;
2026;-0.2;0.244954;
2027;-0.2;0.246543;
2028;-0.2;0.24775;
2029;-0.2;0.248569;
2030;-0.1;0.24899;
2031;-0.1;0.24903;
2032;-0.1;0.248861;
2033;-0.1;0.248595;
2034;-0.1;0.248135;
2035;-0.1;0.247466;
2036;-0.1;0.246547;
2037;-0.1;0.245402;
2038;-0.1;0.244032;
2039;-0.1;0.242418;
2040;-0.1;0.240548;
2041;-0.1;0.238452;
2042;-0.1;0.236115;
2043;-0.1;0.233536;
2044;-0.1;0.230716;
2045;-0.1;0.227657;
2046;-0.1;0.224356;
2047;-0.1;0.220832;
2048;-0.1;0.217066;
2049;-0.1;0.213044;
2050;0.1;0.208791;
2051;0.1;0.204306;
2052;0.1;0.199801;
2053;0.1;0.195607;
2054;0.1;0.191579;
2055;0.1;0.187633;
2056;0.1;0.183748;
2057;0.1;0.179913;
2058;0.1;0.176123;
2059;0.1;0.172375;
2060;0.2;0.168655;
2061;0.2;0.164979;
2062;0.2;0.161459;
2063;0.2;0.158179;
2064;0.2;0.155114;
2065;0.2;0.152272;
2066;0.2;0.149635;
2067;0.2;0.147155;
2068;0.2;0.144833;
2069;0.2;0.142677;
2070;0.2;0.140736;
2071;0.2;0.138961;
2072;0.2;0.13732;
2073;0.2;0.135854;
2074;0.2;0.13458;
2075;0.2;0.133467;
2076;0.2;0.132495;
2077;0.2;0.131709;
2078;0.2;0.131108;
2079;0.2;0.130658;
2080;0.2;0.130378;
2081;0.2;0.1303;
2082;0.2;0.130368;
2083;0.2;0.130606;
2084;0.2;0.131022;
2085;0.2;0.131625;
2086;0.2;0.132384;
2087;0.2;0.133323;
2088;0.2;0.134433;
2089;0.2;0.135709;
2090;0.2;0.13714;
2091;0.2;0.138778;
2092;0.2;0.14059;
2093;0.2;0.14256;
2094;0.2;0.144704;
2095;0.2;0.147034;
2096;0.2;0.149539;
2097;0.2;0.15217;
2098;0.2;0.154988;
2099;0.2;0.158;
2100;-0.2;0.161164;
2101;-0.2;0.164508;
2102;-0.2;0.167785;
2103;-0.2;0.170485;
2104;-0.2;0.172615;
2105;-0.2;0.174185;
2106;-0.2;0.175241;
2107;-0.2;0.175861;
2108;-0.2;0.176088;
2109;-0.2;0.175891;
2110;0.2;0.175329;
2111;0.2;0.174409;
2112;0.2;0.173309;
2113;0.2;0.172557;
2114;0.2;0.172324;
2115;0.2;0.172444;
2116;0.2;0.172783;
2117;0.2;0.173371;
2118;0.2;0.174176;
2119;0.2;0.175148;
2120;0.2;0.176286;
2121;0.2;0.17761;
2122;0.2;0.179099;
2123;0.2;0.180755;
2124;0.2;0.182594;
2125;0.2;0.184606;
2126;0.2;0.186757;
2127;0.2;0.1891;
2128;0.2;0.191621;
2129;0.2;0.194292;
2130;-0.2;0.197139;
2131;-0.2;0.200173;
2132;-0.2;0.203147;
2133;-0.2;0.20552;
2134;-0.2;0.207247;
2135;-0.2;0.208397;
2136;-0.2;0.209106;
2137;-0.2;0.209404;
2138;-0.2;0.20927;
2139;-0.2;0.208736;
2140;-0.1;0.207837;
2141;-0.1;0.206554;
2142;-0.1;0.20501;
2143;-0.1;0.20336;
2144;-0.1;0.201543;
2145;-0.1;0.199521;
2146;-0.1;0.197261;
2147;-0.1;0.194763;
2148;-0.1;0.192034;
2149;-0.1;0.189069;
2150;0.2;0.185857;
2151;0.2;0.182408;
2152;0.2;0.178882;
2153;0.2;0.175669;
2154;0.2;0.172882;
2155;0.2;0.170437;
2156;0.2;0.168221;
2157;0.2;0.1662;
2158;0.2;0.164346;
2159;0.2;0.16272;
2160;0.2;0.161284;
2161;0.2;0.159987;
2162;0.2;0.158863;
2163;0.2;0.157936;
2164;0.2;0.157166;
2165;0.2;0.156538;
2166;0.2;0.156098;
2167;0.2;0.155831;
2168;0.2;0.155725;
2169;0.2;0.155794;
2170;0.2;0.156037;
2171;0.2;0.156435;
2172;0.2;0.157001;
2173;0.2;0.157762;
2174;0.2;0.15868;
2175;0.2;0.159757;
2176;0.2;0.161026;
2177;0.2;0.162467;
2178;0.2;0.164061;
2179;0.2;0.165821;
2180;0.2;0.167747;
2181;0.2;0.169858;
2182;0.2;0.172164;
2183;0.2;0.174609;
2184;0.2;0.177216;
2185;0.2;0.180011;
2186;0.2;0.18298;
2187;0.2;0.186104;
2188;0.2;0.189383;
2189;0.2;0.192839;
2190;-0.2;0.196471;
2191;-0.2;0.200275;
2192;-0.2;0.204054;
2193;-0.2;0.207217;
2194;-0.2;0.209692;
2195;-0.2;0.211636;
2196;-0.2;0.213118;
2197;-0.2;0.214154;
2198;-0.2;0.214796;
2199;-0.2;0.215045;
2200;-0.1;0.214901;
2201;-0.1;0.214362;
2202;-0.1;0.213608;
2203;-0.1;0.21271;
2204;-0.1;0.211625;
2205;-0.1;0.210326;
2206;-0.1;0.20881;
2207;-0.1;0.207146;
2208;-0.1;0.205362;
2209;-0.1;0.203437;
2210;-0.1;0.201374;
2211;-0.1;0.199167;
2212;-0.1;0.196839;
2213;-0.1;0.19437;
2214;-0.1;0.191762;
2215;-0.1;0.189012;
2216;-0.1;0.186127;
2217;-0.1;0.183106;
2218;-0.1;0.179951;
2219;-0.1;0.176652;
2220;0.2;0.17322;
2221;0.2;0.169654;
2222;0.2;0.166179;
2223;0.2;0.163202;
2224;0.2;0.16064;
2225;0.2;0.15848;
2226;0.2;0.156676;
2227;0.2;0.155186;
2228;0.2;0.153989;
2229;0.2;0.15307;
2230;0.2;0.152433;
2231;0.2;0.152063;
2232;0.2;0.151973;
2233;0.2;0.152163;
2234;0.2;0.152609;
2235;0.2;0.153335;
2236;0.2;0.154344;
2237;0.2;0.155625;
2238;0.2;0.15715;
2239;0.2;0.158964;
2240;0.2;0.161071;
2241;0.2;0.163424;
2242;0.2;0.16602;
2243;0.2;0.168943;
2244;0.2;0.172192;
2245;0.2;0.175769;
2246;0.2;0.179631;
2247;0.2;0.183803;
2248;0.2;0.188302;
2249;0.2;0.193134;
2250;-0.2;0.198258;
2251;-0.2;0.203668;
2252;-0.2;0.209157;
2253;-0.2;0.214215;
2254;-0.2;0.218829;
2255;-0.2;0.223145;
2256;-0.2;0.227185;
2257;-0.2;0.230888;
2258;-0.2;0.234292;
2259;-0.2;0.237524;
2260;-0.2;0.240552;
2261;-0.2;0.243298;
2262;-0.2;0.245819;
2263;-0.2;0.248159;
2264;-0.2;0.250281;
2265;-0.2;0.252167;
2266;-0.2;0.253837;
2267;-0.2;0.255302;
2268;-0.2;0.256557;
2269;-0.2;0.257579;
2270;-0.1;0.258382;
2271;-0.1;0.258966;
2272;-0.1;0.259493;
2273;-0.1;0.26005;
2274;-0.1;0.260553;
2275;-0.1;0.260999;
2276;-0.1;0.261373;
2277;-0.1;0.261654;
2278;-0.1;0.261853;
2279;-0.1;0.261971;
2280;-0.1;0.26201;
2281;-0.1;0.261945;
2282;-0.1;0.26181;
2283;-0.1;0.261593;
2284;-0.1;0.261298;
2285;-0.1;0.260899;
2286;-0.1;0.260431;
2287;-0.1;0.259871;
2288;-0.1;0.259233;
2289;-0.1;0.258504;
2290;-0.1;0.257699;
2291;-0.1;0.256783;
2292;-0.1;0.255792;
2293;-0.1;0.254718;
2294;-0.1;0.253558;
2295;-0.1;0.252297;
2296;-0.1;0.25096;
2297;-0.1;0.249544;
2298;-0.1;0.248016;
2299;-0.1;0.246417;
2300;-0.1;0.244727;
2301;-0.1;0.242963;
2302;-0.1;0.241091;
2303;-0.1;0.239138;
2304;-0.1;0.237105;
2305;-0.1;0.234981;
2306;-0.1;0.232766;
2307;-0.1;0.230471;
2308;-0.1;0.228105;
2309;-0.1;0.225639;
2310;0.1;0.223088;
2311;0.1;0.220447;
2312;0.1;0.21791;
2313;0.1;0.215786;
2314;0.1;0.214008;
2315;0.1;0.212482;
2316;0.1;0.211184;
2317;0.1;0.210063;
2318;0.1;0.209141;
2319;0.1;0.208427;
2320;-0.1;0.207896;
2321;-0.1;0.207532;
2322;-0.1;0.207182;
2323;-0.1;0.206541;
2324;-0.1;0.205707;
2325;-0.1;0.204712;
2326;-0.1;0.203603;
2327;-0.1;0.202382;
2328;-0.1;0.201056;
2329;-0.1;0.199644;
2330;0.2;0.198138;
2331;0.2;0.196539;
2332;0.2;0.19502;
2333;0.2;0.193921;
2334;0.2;0.193337;
2335;0.2;0.193252;
2336;0.2;0.19354;
2337;0.2;0.194177;
2338;0.2;0.195172;
2339;0.2;0.196495;
2340;0.2;0.198163;
2341;0.2;0.200149;
2342;0.2;0.202462;
2343;0.2;0.205088;
2344;0.2;0.208055;
2345;0.2;0.211342;
2346;0.2;0.214935;
2347;0.2;0.218846;
2348;0.2;0.22309;
2349;0.2;0.227686;
2350;-0.2;0.232562;
2351;-0.2;0.237738;
2352;-0.2;0.243044;
2353;-0.2;0.248118;
2354;-0.2;0.252688;
2355;-0.2;0.256852;
2356;-0.2;0.260754;
2357;-0.2;0.264368;
2358;-0.2;0.267649;
2359;-0.2;0.270726;
2360;-0.2;0.273647;
2361;-0.2;0.27632;
2362;-0.2;0.278715;
2363;-0.2;0.28091;
2364;-0.2;0.282904;
2365;-0.2;0.284698;
2366;-0.2;0.286245;
2367;-0.2;0.287559;
2368;-0.2;0.288676;
2369;-0.2;0.289555;
2370;-0.1;0.290204;
2371;-0.1;0.290643;
2372;-0.1;0.291012;
2373;-0.1;0.291416;
2374;-0.1;0.291777;
2375;-0.1;0.292082;
2376;-0.1;0.292308;
2377;-0.1;0.292448;
2378;-0.1;0.292511;
2379;-0.1;0.292501;
2380;-0.1;0.292389;
2381;-0.1;0.292196;
2382;-0.1;0.291917;
2383;-0.1;0.291561;
2384;-0.1;0.291109;
2385;-0.1;0.290578;
2386;-0.1;0.28997;
2387;-0.1;0.289268;
2388;-0.1;0.288462;
2389;-0.1;0.28759;
2390;-0.1;0.286635;
2391;-0.1;0.285588;
2392;-0.1;0.284458;
2393;-0.1;0.283232;
2394;-0.1;0.281911;
2395;-0.1;0.280526;
2396;-0.1;0.279069;
2397;-0.1;0.277504;
2398;-0.1;0.275852;
2399;-0.1;0.274137;
2400;0.1;0.272335;
2401;0.1;0.270447;
2402;0.1;0.268663;
2403;0.1;0.267242;
2404;0.1;0.266134;
2405;0.1;0.265273;
2406;0.1;0.264648;
2407;0.1;0.264225;
2408;0.1;0.264006;
2409;0.1;0.263975;
2410;-0.1;0.264146;
2411;-0.1;0.264508;
2412;-0.1;0.264884;
2413;-0.1;0.264966;
2414;-0.1;0.264827;
2415;-0.1;0.264528;
2416;-0.1;0.264119;
2417;-0.1;0.263599;
2418;-0.1;0.262992;
2419;-0.1;0.262284;
2420;-0.1;0.261489;
2421;-0.1;0.2606;
2422;-0.1;0.259621;
2423;-0.1;0.258571;
2424;-0.1;0.257422;
2425;-0.1;0.256175;
2426;-0.1;0.254858;
2427;-0.1;0.253451;
2428;-0.1;0.251937;
2429;-0.1;0.250354;
2430;-0.1;0.248673;
2431;-0.1;0.246906;
2432;-0.1;0.245083;
2433;-0.1;0.243136;
2434;-0.1;0.241091;
2435;-0.1;0.238995;
2436;-0.1;0.236825;
2437;-0.1;0.234524;
2438;-0.1;0.232149;
2439;-0.1;0.2297;
2440;0.1;0.227169;
2441;0.1;0.224546;
2442;0.1;0.221991;
2443;0.1;0.219729;
2444;0.1;0.217824;
2445;0.1;0.216205;
2446;0.1;0.214815;
2447;0.1;0.213635;
2448;0.1;0.212646;
2449;0.1;0.211849;
2450;-0.1;0.211241;
2451;-0.1;0.210828;
2452;-0.1;0.210413;
2453;-0.1;0.209727;
2454;-0.1;0.208834;
2455;-0.1;0.207768;
2456;-0.1;0.206586;
2457;-0.1;0.20531;
2458;-0.1;0.203927;
2459;-0.1;0.202454;
2460;-0.1;0.200891;
2461;-0.1;0.199245;
2462;-0.1;0.1975;
2463;-0.1;0.195675;
2464;-0.1;0.193756;
2465;-0.1;0.19175;
2466;-0.1;0.189655;
2467;-0.1;0.187486;
2468;-0.1;0.185234;
2469;-0.1;0.182886;
2470;0.2;0.180416;
2471;0.2;0.177889;
2472;0.2;0.175472;
2473;0.2;0.173645;
2474;0.2;0.172394;
2475;0.2;0.171474;
2476;0.2;0.1709;
2477;0.2;0.170764;
2478;0.2;0.170959;
2479;0.2;0.171454;
2480;0.2;0.172306;
2481;0.2;0.173474;
2482;0.2;0.174943;
2483;0.2;0.176721;
2484;0.2;0.178859;
2485;0.2;0.181301;
2486;0.2;0.184052;
2487;0.2;0.187124;
2488;0.2;0.190515;
2489;0.2;0.194224;
2490;0.0;0.198265;
2491;0.0;0.202625;
2492;0.0;0.207076;
2493;0.0;0.211308;
2494;0.0;0.215452;
2495;0.0;0.219611;
2496;0.0;0.223822;
2497;0.0;0.228082;
2498;0.0;0.232334;
2499;0.0;0.236613;
2500;-0.2;0.240942;
2501;-0.2;0.245319;
2502;-0.2;0.249569;
2503;-0.2;0.253459;
2504;-0.2;0.257107;
2505;-0.2;0.260453;
2506;-0.2;0.263521;
2507;-0.2;0.266331;
2508;-0.2;0.268872;
2509;-0.2;0.271238;
2510;-0.2;0.273435;
2511;-0.2;0.27535;
2512;-0.2;0.277018;
2513;-0.2;0.27852;
2514;-0.2;0.279846;
2515;-0.2;0.280868;
2516;-0.2;0.281669;
2517;-0.2;0.282288;
2518;-0.2;0.282684;
2519;-0.2;0.282821;
2520;-0.1;0.282768;
2521;-0.1;0.282509;
2522;-0.1;0.28217;
2523;-0.1;0.281873;
2524;-0.1;0.281535;
2525;-0.1;0.28113;
2526;-0.1;0.280646;
2527;-0.1;0.280074;
2528;-0.1;0.279437;
2529;-0.1;0.278703;
2530;-0.1;0.277867;
2531;-0.1;0.276963;
2532;-0.1;0.275981;
2533;-0.1;0.274894;
2534;-0.1;0.273728;
2535;-0.1;0.272481;
2536;-0.1;0.271145;
2537;-0.1;0.269708;
2538;-0.1;0.268201;
2539;-0.1;0.266606;
2540;-0.1;0.264917;
2541;-0.1;0.263149;
2542;-0.1;0.261298;
2543;-0.1;0.259351;
2544;-0.1;0.257316;
2545;-0.1;0.255186;
2546;-0.1;0.252991;
2547;-0.1;0.250714;
2548;-0.1;0.248317;
2549;-0.1;0.245825;
2550;0.1;0.243294;
2551;0.1;0.240668;
2552;0.1;0.238149;
2553;0.1;0.236007;
2554;0.1;0.234135;
2555;0.1;0.232548;
2556;0.1;0.231197;
2557;0.1;0.230054;
2558;0.1;0.2291;
2559;0.1;0.228351;
2560;-0.1;0.227789;
2561;-0.1;0.227401;
2562;-0.1;0.226996;
2563;-0.1;0.226213;
2564;-0.1;0.225236;
2565;-0.1;0.224127;
2566;-0.1;0.222884;
2567;-0.1;0.221545;
2568;-0.1;0.220123;
2569;-0.1;0.218614;
2570;-0.1;0.217;
2571;-0.1;0.215299;
2572;-0.1;0.213527;
2573;-0.1;0.21166;
2574;-0.1;0.209696;
2575;-0.1;0.20767;
2576;-0.1;0.205552;
2577;-0.1;0.203333;
2578;-0.1;0.20105;
2579;-0.1;0.198678;
2580;0.2;0.196204;
2581;0.2;0.193646;
2582;0.2;0.191233;
2583;0.2;0.189292;
2584;0.2;0.187915;
2585;0.2;0.187036;
2586;0.2;0.186475;
2587;0.2;0.186202;
2588;0.2;0.186346;
2589;0.2;0.186835;
2590;0.2;0.187598;
2591;0.2;0.188666;
2592;0.2;0.190094;
2593;0.2;0.191836;
2594;0.2;0.193888;
2595;0.2;0.196259;
2596;0.2;0.198958;
2597;0.2;0.201961;
2598;0.2;0.2053;
2599;0.2;0.208958;
2600;-0.2;0.212921;
2601;-0.2;0.21721;
2602;-0.2;0.22169;
2603;-0.2;0.225924;
2604;-0.2;0.229793;
2605;-0.2;0.233173;
2606;-0.2;0.236153;
2607;-0.2;0.238883;
2608;-0.2;0.241392;
2609;-0.2;0.243634;
2610;-0.2;0.24564;
2611;-0.2;0.247445;
2612;-0.2;0.249038;
2613;-0.2;0.250405;
2614;-0.2;0.251536;
2615;-0.2;0.252466;
2616;-0.2;0.253178;
2617;-0.2;0.25367;
2618;-0.2;0.253939;
2619;-0.2;0.253988;
2620;-0.1;0.253819;
2621;-0.1;0.253424;
2622;-0.1;0.252932;
2623;-0.1;0.252482;
2624;-0.1;0.251986;
2625;-0.1;0.251432;
2626;-0.1;0.250793;
2627;-0.1;0.250114;
2628;-0.1;0.249333;
2629;-0.1;0.248444;
2630;-0.2;0.247502;
2631;-0.2;0.246478;
2632;-0.2;0.245205;
2633;-0.2;0.243608;
2634;-0.2;0.241783;
2635;-0.2;0.239683;
2636;-0.2;0.237331;
2637;-0.2;0.23477;
2638;-0.2;0.232007;
2639;-0.2;0.229;
2640;0.1;0.225765;
2641;0.1;0.222319;
2642;0.1;0.218835;
2643;0.1;0.215792;
2644;0.1;0.213206;
2645;0.1;0.210923;
2646;0.1;0.208879;
2647;0.1;0.207048;
2648;0.1;0.205414;
2649;0.1;0.203969;
2650;-0.1;0.20273;
2651;-0.1;0.201662;
2652;-0.1;0.200604;
2653;-0.1;0.199272;
2654;-0.1;0.197736;
2655;-0.1;0.196047;
2656;-0.1;0.194228;
2657;-0.1;0.192295;
2658;-0.1;0.190279;
2659;-0.1;0.188177;
2660;0.2;0.185982;
2661;0.2;0.183665;
2662;0.2;0.181439;
2663;0.2;0.179533;
2664;0.2;0.178123;
2665;0.2;0.177303;
2666;0.2;0.17686;
2667;0.2;0.176697;
2668;0.2;0.176917;
2669;0.2;0.177507;
2670;0.2;0.178392;
2671;0.2;0.179598;
2672;0.2;0.181152;
2673;0.2;0.183004;
2674;0.2;0.185173;
2675;0.2;0.187659;
2676;0.2;0.190472;
2677;0.2;0.193604;
2678;0.2;0.197054;
2679;0.2;0.200828;
2680;-0.2;0.204895;
2681;-0.2;0.209288;
2682;-0.2;0.213859;
2683;-0.2;0.218178;
2684;-0.2;0.222117;
2685;-0.2;0.225596;
2686;-0.2;0.228687;
2687;-0.2;0.23151;
2688;-0.2;0.234127;
2689;-0.2;0.236483;
2690;0.2;0.238574;
2691;0.2;0.240464;
2692;0.2;0.242375;
2693;0.2;0.244828;
2694;0.2;0.247833;
2695;0.2;0.251253;
2696;0.2;0.255078;
2697;0.2;0.259294;
2698;0.2;0.263849;
2699;0.2;0.268795;
2700;-0.2;0.274058;
2701;-0.2;0.27958;
2702;-0.2;0.285248;
2703;-0.2;0.290562;
2704;-0.2;0.295341;
2705;-0.2;0.29977;
2706;-0.2;0.303918;
2707;-0.2;0.307772;
2708;-0.2;0.311316;
2709;-0.2;0.314614;
2710;-0.2;0.317743;
2711;-0.2;0.320662;
2712;-0.2;0.323324;
2713;-0.2;0.325761;
2714;-0.2;0.328013;
2715;-0.2;0.330062;
2716;-0.2;0.331868;
2717;-0.2;0.333447;
2718;-0.2;0.334825;
2719;-0.2;0.335988;
2720;-0.1;0.3369;
2721;-0.1;0.337596;
2722;-0.1;0.338214;
2723;-0.1;0.338877;
2724;-0.1;0.339502;
2725;-0.1;0.340061;
2726;-0.1;0.340544;
2727;-0.1;0.340938;
2728;-0.1;0.341256;
2729;-0.1;0.34149;
2730;-0.1;0.341636;
2731;-0.1;0.341683;
2732;-0.1;0.341661;
2733;-0.1;0.341553;
2734;-0.1;0.341341;
2735;-0.1;0.341046;
2736;-0.1;0.34067;
2737;-0.1;0.340196;
2738;-0.1;0.339642;
2739;-0.1;0.339012;
2740;-0.1;0.338277;
2741;-0.1;0.337451;
2742;-0.1;0.336566;
2743;-0.1;0.335594;
2744;-0.1;0.334536;
2745;-0.1;0.33338;
2746;-0.1;0.332151;
2747;-0.1;0.330839;
2748;-0.1;0.329433;
2749;-0.1;0.32794;
2750;-0.1;0.326363;
2751;-0.1;0.324695;
2752;-0.1;0.322943;
2753;-0.1;0.3211;
2754;-0.1;0.319165;
2755;-0.1;0.317163;
2756;-0.1;0.315063;
2757;-0.1;0.312862;
2758;-0.1;0.310588;
2759;-0.1;0.308226;
2760;0.2;0.305758;
2761;0.2;0.303212;
2762;0.2;0.300718;
2763;0.2;0.298702;
2764;0.2;0.2973;
2765;0.2;0.29634;
2766;0.2;0.29574;
2767;0.2;0.29553;
2768;0.2;0.295662;
2769;0.2;0.296098;
2770;-0.1;0.296865;
2771;-0.1;0.297988;
2772;-0.1;0.299264;
2773;-0.1;0.300372;
2774;-0.1;0.301156;
2775;-0.1;0.301703;
2776;-0.1;0.302059;
2777;-0.1;0.302258;
2778;-0.1;0.302376;
2779;-0.1;0.302421;
2780;0.0;0.30235;
2781;0.0;0.302179;
2782;0.0;0.302043;
2783;0.0;0.302083;
2784;0.0;0.302271;
2785;0.0;0.302509;
2786;0.0;0.302797;
2787;0.0;0.303133;
2788;0.0;0.303526;
2789;0.0;0.303973;
2790;-0.1;0.30447;
2791;-0.1;0.305019;
2792;-0.1;0.305528;
2793;-0.1;0.305892;
2794;-0.1;0.306085;
2795;-0.1;0.306148;
2796;-0.1;0.306124;
2797;-0.1;0.306008;
2798;-0.1;0.305782;
2799;-0.1;0.305473;
2800;-0.1;0.305088;
2801;-0.1;0.30462;
2802;-0.1;0.304053;
2803;-0.1;0.303398;
2804;-0.1;0.302677;
2805;-0.1;0.301862;
2806;-0.1;0.300946;
2807;-0.1;0.299972;
2808;-0.1;0.298903;
2809;-0.1;0.297732;
2810;-0.2;0.296486;
2811;-0.2;0.295156;
2812;-0.2;0.293634;
2813;-0.2;0.291766;
2814;-0.2;0.28965;
2815;-0.2;0.287225;
2816;-0.2;0.284568;
2817;-0.2;0.28174;
2818;-0.2;0.278689;
2819;-0.2;0.275399;
2820;0.1;0.271875;
2821;0.1;0.268168;
2822;0.1;0.264437;
2823;0.1;0.261096;
2824;0.1;0.258217;
2825;0.1;0.25564;
2826;0.1;0.253286;
2827;0.1;0.251147;
2828;0.1;0.249219;
2829;0.1;0.247491;
2830;0.1;0.245945;
2831;0.1;0.2446;
2832;0.1;0.243453;
2833;0.1;0.242476;
2834;0.1;0.241695;
2835;0.1;0.241115;
2836;0.1;0.240706;
2837;0.1;0.240487;
2838;0.1;0.24046;
2839;0.1;0.240619;
2840;-0.1;0.240965;
2841;-0.1;0.241482;
2842;-0.1;0.241968;
2843;-0.1;0.242131;
2844;-0.1;0.24212;
2845;-0.1;0.241949;
2846;-0.1;0.241648;
2847;-0.1;0.241256;
2848;-0.1;0.240769;
2849;-0.1;0.240179;
2850;-0.1;0.239512;
2851;-0.1;0.238747;
2852;-0.1;0.237889;
2853;-0.1;0.236967;
2854;-0.1;0.235968;
2855;-0.1;0.234857;
2856;-0.1;0.233647;
2857;-0.1;0.232393;
2858;-0.1;0.231045;
2859;-0.1;0.229578;
2860;-0.1;0.228052;
2861;-0.1;0.226451;
2862;-0.1;0.224748;
2863;-0.1;0.22297;
2864;-0.1;0.221106;
2865;-0.1;0.219159;
2866;-0.1;0.21712;
2867;-0.1;0.215002;
2868;-0.1;0.212805;
2869;-0.1;0.210506;
2870;0.1;0.208134;
2871;0.1;0.20568;
2872;0.1;0.203286;
2873;0.1;0.201239;
2874;0.1;0.199534;
2875;0.1;0.198102;
2876;0.1;0.196903;
2877;0.1;0.195905;
2878;0.1;0.195107;
2879;0.1;0.194513;
2880;0.2;0.194104;
2881;0.2;0.193878;
2882;0.2;0.193986;
2883;0.2;0.194509;
2884;0.2;0.195402;
2885;0.2;0.196645;
2886;0.2;0.198238;
2887;0.2;0.200144;
2888;0.2;0.202386;
2889;0.2;0.204966;
2890;0.1;0.207886;
2891;0.1;0.211076;
2892;0.1;0.214437;
2893;0.1;0.217906;
2894;0.1;0.221513;
2895;0.1;0.225246;
2896;0.1;0.229169;
2897;0.1;0.233305;
2898;0.1;0.23761;
2899;0.1;0.242092;
2900;-0.2;0.246731;
2901;-0.2;0.251571;
2902;-0.2;0.256413;
2903;-0.2;0.260929;
2904;-0.2;0.265151;
2905;-0.2;0.269008;
2906;-0.2;0.272516;
2907;-0.2;0.275745;
2908;-0.2;0.278766;
2909;-0.2;0.281582;
2910;-0.2;0.284145;
2911;-0.2;0.286464;
2912;-0.2;0.288593;
2913;-0.2;0.290489;
2914;-0.2;0.292149;
2915;-0.2;0.293583;
2916;-0.2;0.294816;
2917;-0.2;0.295811;
2918;-0.2;0.296578;
2919;-0.2;0.297146;
2920;-0.1;0.297477;
2921;-0.1;0.297577;
2922;-0.1;0.297567;
2923;-0.1;0.297573;
2924;-0.1;0.297538;
2925;-0.1;0.297457;
2926;-0.1;0.29731;
2927;-0.1;0.297089;
2928;-0.1;0.296783;
2929;-0.1;0.296401;
2930;0.2;0.295909;
2931;0.2;0.295339;
2932;0.2;0.294877;
2933;0.2;0.294993;
2934;0.2;0.295717;
2935;0.2;0.2968;
2936;0.2;0.298222;
2937;0.2;0.300075;
2938;0.2;0.302266;
2939;0.2;0.304749;
2940;-0.2;0.30756;
2941;-0.2;0.310693;
2942;-0.2;0.313957;
2943;-0.2;0.316978;
2944;-0.2;0.319633;
2945;-0.2;0.321859;
2946;-0.2;0.323696;
2947;-0.2;0.325273;
2948;-0.2;0.326613;
2949;-0.2;0.327712;
2950;-0.1;0.328577;
2951;-0.1;0.32922;
2952;-0.1;0.329779;
2953;-0.1;0.330387;
2954;-0.1;0.330947;
2955;-0.1;0.331441;
2956;-0.1;0.33186;
2957;-0.1;0.332186;
2958;-0.1;0.33244;
2959;-0.1;0.332603;
2960;-0.1;0.332686;
2961;-0.1;0.33267;
2962;-0.1;0.332585;
2963;-0.1;0.332397;
2964;-0.1;0.332123;
2965;-0.1;0.331765;
2966;-0.1;0.331325;
2967;-0.1;0.330796;
2968;-0.1;0.330184;
2969;-0.1;0.329472;
2970;-0.1;0.328693;
2971;-0.1;0.327814;
2972;-0.1;0.326845;
2973;-0.1;0.325789;
2974;-0.1;0.324681;
2975;-0.1;0.323462;
2976;-0.1;0.322164;
2977;-0.1;0.320778;
2978;-0.1;0.319307;
2979;-0.1;0.317743;
2980;-0.1;0.316091;
2981;-0.1;0.314362;
2982;-0.1;0.312541;
2983;-0.1;0.310626;
2984;-0.1;0.308624;
2985;-0.1;0.306553;
2986;-0.1;0.304368;
2987;-0.1;0.30211;
2988;-0.1;0.299762;
2989;-0.1;0.297335;
2990;0.1;0.294818;
2991;0.1;0.29221;
2992;0.1;0.289642;
2993;0.1;0.287413;
2994;0.1;0.285565;
2995;0.1;0.283995;
2996;0.1;0.282646;
2997;0.1;0.281512;
2998;0.1;0.28057;
2999;0.1;0.279814;
3000;-0.1;0.279248;
3001;-0.1;0.278878;
3002;-0.1;0.278514;
3003;-0.1;0.277907;
3004;-0.1;0.277083;
3005;-0.1;0.276099;
3006;-0.1;0.274988;
3007;-0.1;0.273753;
3008;-0.1;0.27243;
3009;-0.1;0.271025;
3010;-0.1;0.269539;
3011;-0.1;0.267952;
3012;-0.1;0.266278;
3013;-0.1;0.264539;
3014;-0.1;0.262712;
3015;-0.1;0.260799;
3016;-0.1;0.258785;
3017;-0.1;0.256694;
3018;-0.1;0.254529;
3019;-0.1;0.252258;
3020;0.1;0.249902;
3021;0.1;0.247465;
3022;0.1;0.245146;
3023;0.1;0.243304;
3024;0.1;0.241777;
3025;0.1;0.24047;
3026;0.1;0.239396;
3027;0.1;0.238521;
3028;0.1;0.23784;
3029;0.1;0.237333;
3030;-0.1;0.237042;
3031;-0.1;0.23693;
3032;-0.1;0.236869;
3033;-0.1;0.236552;
3034;-0.1;0.235935;
3035;-0.1;0.235177;
3036;-0.1;0.234314;
3037;-0.1;0.233321;
3038;-0.1;0.232239;
3039;-0.1;0.231069;
3040;-0.1;0.229826;
3041;-0.1;0.228469;
3042;-0.1;0.227037;
3043;-0.1;0.225513;
3044;-0.1;0.223901;
3045;-0.1;0.222231;
3046;-0.1;0.220463;
3047;-0.1;0.218595;
3048;-0.1;0.216644;
3049;-0.1;0.214626;
3050;-0.1;0.212518;
3051;-0.1;0.210315;
3052;-0.1;0.20803;
3053;-0.1;0.205668;
3054;-0.1;0.203231;
3055;-0.1;0.200708;
3056;-0.1;0.198088;
3057;-0.1;0.195384;
3058;-0.1;0.192611;
3059;-0.1;0.189732;
3060;0.2;0.18677;
3061;0.2;0.183726;
3062;0.2;0.180804;
3063;0.2;0.178522;
3064;0.2;0.176758;
3065;0.2;0.175385;
3066;0.2;0.174404;
3067;0.2;0.173791;
3068;0.2;0.173507;
3069;0.2;0.173537;
3070;0.2;0.173934;
3071;0.2;0.174644;
3072;0.2;0.175653;
3073;0.2;0.17699;
3074;0.2;0.17867;
3075;0.2;0.180648;
3076;0.2;0.182937;
3077;0.2;0.185555;
3078;0.2;0.188495;
3079;0.2;0.191746;
3080;-0.2;0.195325;
3081;-0.2;0.199243;
3082;-0.2;0.203286;
3083;-0.2;0.207109;
3084;-0.2;0.210478;
3085;-0.2;0.213357;
3086;-0.2;0.215973;
3087;-0.2;0.21838;
3088;-0.2;0.220465;
3089;-0.2;0.222272;
3090;-0.2;0.223903;
3091;-0.2;0.225317;
3092;-0.2;0.226481;
3093;-0.2;0.227425;
3094;-0.2;0.228158;
3095;-0.2;0.22866;
3096;-0.2;0.228918;
3097;-0.2;0.228984;
3098;-0.2;0.228829;
3099;-0.2;0.228428;
3100;-0.1;0.227816;
3101;-0.1;0.227002;
3102;-0.1;0.226115;
3103;-0.1;0.225271;
3104;-0.1;0.224386;
3105;-0.1;0.22344;
3106;-0.1;0.222406;
3107;-0.1;0.221293;
3108;-0.1;0.220111;
3109;-0.1;0.218848;
3110;-0.1;0.21748;
3111;-0.1;0.21604;
3112;-0.1;0.214524;
3113;-0.1;0.212917;
3114;-0.1;0.211216;
3115;-0.1;0.209442;
3116;-0.1;0.207585;
3117;-0.1;0.205625;
3118;-0.1;0.203583;
3119;-0.1;0.201473;
3120;0.2;0.199272;
3121;0.2;0.19696;
3122;0.2;0.194735;
3123;0.2;0.192887;
3124;0.2;0.191551;
3125;0.2;0.190763;
3126;0.2;0.190332;
3127;0.2;0.190208;
3128;0.2;0.190472;
3129;0.2;0.191097;
3130;0.2;0.192017;
3131;0.2;0.19326;
3132;0.2;0.19484;
3133;0.2;0.196726;
3134;0.2;0.198944;
3135;0.2;0.201489;
3136;0.2;0.20434;
3137;0.2;0.207515;
3138;0.2;0.211031;
3139;0.2;0.214872;
3140;-0.2;0.219006;
3141;-0.2;0.223462;
3142;-0.2;0.228033;
3143;-0.2;0.232304;
3144;-0.2;0.236289;
3145;-0.2;0.239884;
3146;-0.2;0.24306;
3147;-0.2;0.245941;
3148;-0.2;0.248893;
3149;-0.2;0.251556;
3150;-0.2;0.253916;
3151;-0.2;0.256014;
3152;-0.2;0.257861;
3153;-0.2;0.259446;
3154;-0.2;0.260758;
3155;-0.2;0.261812;
3156;-0.2;0.2626;
3157;-0.2;0.263133;
3158;-0.2;0.26335;
3159;-0.2;0.263334;
3160;-0.1;0.263055;
3161;-0.1;0.262504;
3162;-0.1;0.261849;
3163;-0.1;0.261214;
3164;-0.1;0.260527;
3165;-0.1;0.259755;
3166;-0.1;0.258905;
3167;-0.1;0.257947;
3168;-0.1;0.256887;
3169;-0.1;0.255737;
3170;-0.1;0.25447;
3171;-0.1;0.253088;
3172;-0.1;0.251626;
3173;-0.1;0.250037;
3174;-0.1;0.24834;
3175;-0.1;0.246552;
3176;-0.1;0.244663;
3177;-0.1;0.242645;
3178;-0.1;0.240538;
3179;-0.1;0.238334;
3180;-0.1;0.236015;
3181;-0.1;0.23358;
3182;-0.1;0.231061;
3183;-0.1;0.228432;
3184;-0.1;0.225702;
3185;-0.1;0.222864;
3186;-0.1;0.219926;
3187;-0.1;0.21688;
3188;-0.1;0.213737;
3189;-0.1;0.21049;
3190;0.1;0.207143;
3191;0.1;0.203697;
3192;0.1;0.200356;
3193;0.1;0.19755;
3194;0.1;0.195089;
3195;0.1;0.192885;
3196;0.1;0.190983;
3197;0.1;0.189343;
3198;0.1;0.187891;
3199;0.1;0.186654;
3200;0.2;0.185695;
3201;0.2;0.184947;
3202;0.2;0.184526;
3203;0.2;0.18467;
3204;0.2;0.18525;
3205;0.2;0.186245;
3206;0.2;0.187661;
3207;0.2;0.189465;
3208;0.2;0.191665;
3209;0.2;0.194246;
3210;0.0;0.197221;
3211;0.0;0.200576;
3212;0.0;0.20412;
3213;0.0;0.207544;
3214;0.0;0.210874;
3215;0.0;0.21418;
3216;0.0;0.217523;
3217;0.0;0.220923;
3218;0.0;0.224384;
3219;0.0;0.227905;
3220;-0.2;0.231486;
3221;-0.2;0.235128;
3222;-0.2;0.238546;
3223;-0.2;0.241461;
3224;-0.2;0.244063;
3225;-0.2;0.246342;
3226;-0.2;0.248297;
3227;-0.2;0.249963;
3228;-0.2;0.251353;
3229;-0.2;0.252523;
3230;-0.1;0.2534;
3231;-0.1;0.253994;
3232;-0.1;0.254527;
3233;-0.1;0.255048;
3234;-0.1;0.25552;
3235;-0.1;0.255929;
3236;-0.1;0.256246;
3237;-0.1;0.256458;
3238;-0.1;0.256569;
3239;-0.1;0.256582;
3240;-0.1;0.256484;
3241;-0.1;0.256289;
3242;-0.1;0.25599;
3243;-0.1;0.255572;
3244;-0.1;0.255056;
3245;-0.1;0.254441;
3246;-0.1;0.253719;
3247;-0.1;0.252889;
3248;-0.1;0.251959;
3249;-0.1;0.250918;
3250;-0.1;0.249774;
3251;-0.1;0.248531;
3252;-0.1;0.247188;
3253;-0.1;0.24573;
3254;-0.1;0.244165;
3255;-0.1;0.242509;
3256;-0.1;0.240733;
3257;-0.1;0.238853;
3258;-0.1;0.236877;
3259;-0.1;0.234794;
3260;-0.2;0.232601;
3261;-0.2;0.230308;
3262;-0.2;0.227757;
3263;-0.2;0.224915;
3264;-0.2;0.221741;
3265;-0.2;0.218211;
3266;-0.2;0.214412;
3267;-0.2;0.210398;
3268;-0.2;0.206106;
3269;-0.2;0.201504;
3270;0.2;0.196655;
3271;0.2;0.191569;
3272;0.2;0.186519;
3273;0.2;0.182194;
3274;0.2;0.178544;
3275;0.2;0.175374;
3276;0.2;0.172683;
3277;0.2;0.170459;
3278;0.2;0.16864;
3279;0.2;0.167226;
3280;0.2;0.166215;
3281;0.2;0.165578;
3282;0.2;0.165328;
3283;0.2;0.165487;
3284;0.2;0.166007;
3285;0.2;0.166901;
3286;0.2;0.168223;
3287;0.2;0.169916;
3288;0.2;0.171965;
3289;0.2;0.174424;
3290;-0.2;0.177271;
3291;-0.2;0.180497;
3292;-0.2;0.18386;
3293;-0.2;0.186729;
3294;-0.2;0.188987;
3295;-0.2;0.190843;
3296;-0.2;0.192338;
3297;-0.2;0.193567;
3298;-0.2;0.194501;
3299;-0.2;0.195115;
3300;0.2;0.195498;
3301;0.2;0.195628;
3302;0.2;0.195732;
3303;0.2;0.196328;
3304;0.2;0.19755;
3305;0.2;0.199382;
3306;0.2;0.201737;
3307;0.2;0.204545;
3308;0.2;0.207753;
3309;0.2;0.211373;
3310;-0.2;0.215413;
3311;-0.2;0.21984;
3312;-0.2;0.224333;
3313;-0.2;0.228245;
3314;-0.2;0.231632;
3315;-0.2;0.234709;
3316;-0.2;0.237423;
3317;-0.2;0.239787;
3318;-0.2;0.241886;
3319;-0.2;0.243726;
3320;-0.2;0.245278;
3321;-0.2;0.246566;
3322;-0.2;0.247589;
3323;-0.2;0.248346;
3324;-0.2;0.248836;
3325;-0.2;0.24907;
3326;-0.2;0.249019;
3327;-0.2;0.24872;
3328;-0.2;0.248157;
3329;-0.2;0.2473;
3330;-0.1;0.246202;
3331;-0.1;0.244808;
3332;-0.1;0.24326;
3333;-0.1;0.241766;
3334;-0.1;0.240222;
3335;-0.1;0.23859;
3336;-0.1;0.236906;
3337;-0.1;0.235103;
3338;-0.1;0.233181;
3339;-0.1;0.231177;
3340;-0.1;0.229075;
3341;-0.1;0.226853;
3342;-0.1;0.224542;
3343;-0.1;0.222133;
3344;-0.1;0.219604;
3345;-0.1;0.21698;
3346;-0.1;0.214256;
3347;-0.1;0.211434;
3348;-0.1;0.208504;
3349;-0.1;0.205471;
3350;0.1;0.202334;
3351;0.1;0.199103;
3352;0.1;0.196029;
3353;0.1;0.193451;
3354;0.1;0.191193;
3355;0.1;0.189223;
3356;0.1;0.187526;
3357;0.1;0.186066;
3358;0.1;0.184837;
3359;0.1;0.183848;
3360;0.2;0.183093;
3361;0.2;0.182552;
3362;0.2;0.18243;
3363;0.2;0.182831;
3364;0.2;0.183647;
3365;0.2;0.1849;
3366;0.2;0.186532;
3367;0.2;0.188566;
3368;0.2;0.191036;
3369;0.2;0.193859;
3370;-0.2;0.196988;
3371;-0.2;0.200461;
3372;-0.2;0.204028;
3373;-0.2;0.207121;
3374;-0.2;0.209793;
3375;-0.2;0.211919;
3376;-0.2;0.213559;
3377;-0.2;0.214846;
3378;-0.2;0.215789;
3379;-0.2;0.216345;
3380;-0.1;0.216585;
3381;-0.1;0.216489;
3382;-0.1;0.216214;
3383;-0.1;0.215916;
3384;-0.1;0.215509;
3385;-0.1;0.214935;
3386;-0.1;0.214222;
3387;-0.1;0.213346;
3388;-0.1;0.212291;
3389;-0.1;0.211072;
3390;-0.1;0.209705;
3391;-0.1;0.208167;
3392;-0.1;0.206461;
3393;-0.1;0.204599;
3394;-0.1;0.202566;
3395;-0.1;0.200362;
3396;-0.1;0.197994;
3397;-0.1;0.195459;
3398;-0.1;0.192753;
3399;-0.1;0.189892;
3400;0.2;0.186867;
3401;0.2;0.183664;
3402;0.2;0.180492;
3403;0.2;0.177923;
3404;0.2;0.175978;
3405;0.2;0.17447;
3406;0.2;0.173342;
3407;0.2;0.172604;
3408;0.2;0.172185;
3409;0.2;0.17209;
3410;0.2;0.17237;
3411;0.2;0.17295;
3412;0.2;0.173835;
3413;0.2;0.175079;
3414;0.2;0.176648;
3415;0.2;0.178509;
3416;0.2;0.180714;
3417;0.2;0.183252;
3418;0.2;0.186098;
3419;0.2;0.189274;
3420;-0.2;0.192776;
3421;-0.2;0.196589;
3422;-0.2;0.200529;
3423;-0.2;0.204119;
3424;-0.2;0.207147;
3425;-0.2;0.209558;
3426;-0.2;0.211547;
3427;-0.2;0.213174;
3428;-0.2;0.214415;
3429;-0.2;0.215318;
3430;-0.1;0.215908;
3431;-0.1;0.21613;
3432;-0.1;0.216172;
3433;-0.1;0.216192;
3434;-0.1;0.216077;
3435;-0.1;0.215814;
3436;-0.1;0.215411;
3437;-0.1;0.214848;
3438;-0.1;0.214106;
3439;-0.1;0.213213;
3440;-0.1;0.212162;
3441;-0.1;0.210922;
3442;-0.1;0.209526;
3443;-0.1;0.20797;
3444;-0.1;0.206247;
3445;-0.1;0.204364;
3446;-0.1;0.202318;
3447;-0.1;0.200103;
3448;-0.1;0.197718;
3449;-0.1;0.195173;
3450;0.2;0.192458;
3451;0.2;0.189583;
3452;0.2;0.186775;
3453;0.2;0.184449;
3454;0.2;0.18239;
3455;0.2;0.180533;
3456;0.2;0.178891;
3457;0.2;0.17738;
3458;0.2;0.175981;
3459;0.2;0.174747;
3460;0.2;0.173621;
3461;0.2;0.172588;
3462;0.2;0.171709;
3463;0.2;0.170936;
3464;0.2;0.170259;
3465;0.2;0.169773;
3466;0.2;0.169348;
3467;0.2;0.169002;
3468;0.2;0.16885;
3469;0.2;0.168802;
3470;0.2;0.168806;
3471;0.2;0.168998;
3472;0.2;0.169295;
3473;0.2;0.16968;
3474;0.2;0.170218;
3475;0.2;0.170879;
3476;0.2;0.171604;
3477;0.2;0.172483;
3478;0.2;0.173485;
3479;0.2;0.174545;
3480;0.2;0.175812;
3481;0.2;0.177158;
3482;0.2;0.178556;
3483;0.2;0.180149;
3484;0.2;0.181866;
3485;0.2;0.183613;
3486;0.2;0.185533;
3487;0.2;0.187598;
3488;0.2;0.189703;
3489;0.2;0.191957;
3490;0.2;0.19434;
3491;0.2;0.196811;
3492;0.2;0.199419;
3493;0.2;0.202159;
3494;0.2;0.204993;
3495;0.2;0.20791;
3496;0.2;0.21102;
3497;0.2;0.214245;
3498;0.2;0.217522;
3499;0.2;0.220959;
3500;-0.2;0.224562;
3501;-0.2;0.22823;
3502;-0.2;0.231778;
3503;-0.2;0.234492;
3504;-0.2;0.236354;
3505;-0.2;0.237587;
3506;-0.2;0.238138;
3507;-0.2;0.238118;
3508;-0.2;0.237582;
3509;-0.2;0.236431;
3510;-0.1;0.234799;
3511;-0.1;0.232633;
3512;-0.1;0.230061;
3513;-0.1;0.227266;
3514;-0.1;0.224164;
3515;-0.1;0.22069;
3516;-0.1;0.21685;
3517;-0.1;0.212669;
3518;-0.1;0.208132;
3519;-0.1;0.203205;
3520;-0.1;0.19791;
3521;-0.1;0.19225;
3522;-0.1;0.186231;
3523;-0.1;0.179863;
3524;-0.1;0.17309;
3525;-0.1;0.16597;
3526;-0.1;0.158502;
3527;-0.1;0.150656;
3528;-0.1;0.142446;
3529;-0.1;0.133878;
3530;0.2;0.124953;
3531;0.2;0.115662;
3532;0.2;0.106202;
3533;0.2;0.0967834;
3534;0.2;0.0876643;
3535;0.2;0.0790207;
3536;0.2;0.0705297;
3537;0.2;0.0621607;
3538;0.2;0.0539144;
3539;0.2;0.045816;
3540;0.2;0.0379196;
3541;0.2;0.0300349;
3542;0.2;0.0222448;
3543;0.2;0.0146484;
3544;0.2;0.00714874;
3545;0.2;-2.41089E-4;
3546;0.2;-0.00749461;
3547;0.2;-0.014592;
3548;0.2;-0.0215352;
3549;0.2;-0.0284821;
3550;-0.2;-0.0352824;
3551;-0.2;-0.0418289;
3552;-0.2;-0.0484706;
3553;-0.2;-0.0556925;
3554;-0.2;-0.0637858;
3555;-0.2;-0.0725667;
3556;-0.2;-0.0819611;
3557;-0.2;-0.0918284;
3558;-0.2;-0.102266;
3559;-0.2;-0.113275;
3560;0.2;-0.124748;
3561;0.2;-0.136654;
3562;0.2;-0.148888;
3563;0.2;-0.160651;
3564;0.2;-0.171882;
3565;0.2;-0.182978;
3566;0.2;-0.193886;
3567;0.2;-0.204573;
3568;0.2;-0.215123;
3569;0.2;-0.225463;
3570;0.1;-0.235755;
3571;0.1;-0.245979;
3572;0.1;-0.256104;
3573;0.1;-0.266412;
3574;0.1;-0.276829;
3575;0.1;-0.287317;
3576;0.1;-0.297808;
3577;0.1;-0.308299;
3578;0.1;-0.318835;
3579;0.1;-0.329457;
3580;0.1;-0.340099;
3581;0.1;-0.350743;
3582;0.1;-0.361358;
3583;0.1;-0.372053;
3584;0.1;-0.382795;
3585;0.1;-0.393494;
3586;0.1;-0.404245;
3587;0.1;-0.415016;
3588;0.1;-0.4258;
3589;0.1;-0.436665;
3590;0.1;-0.4475;
3591;0.1;-0.458345;
3592;0.1;-0.469248;
3593;0.1;-0.480198;
3594;0.1;-0.49116;
3595;0.1;-0.502093;
3596;0.1;-0.513027;
3597;0.1;-0.524036;
3598;0.1;-0.53507;
3599;0.1;-0.546119;
3600;0.1;-0.557177;
3601;0.1;-0.568216;
3602;0.1;-0.579316;
3603;0.1;-0.590449;
3604;0.1;-0.601556;
3605;0.1;-0.612711;
3606;0.1;-0.623858;
3607;0.1;-0.635051;
3608;0.1;-0.646291;
3609;0.1;-0.657496;
3610;0.1;-0.668711;
3611;0.1;-0.67995;
3612;0.1;-0.691218;
3613;0.1;-0.702564;
3614;0.1;-0.713849;
3615;0.1;-0.725138;
3616;0.1;-0.73647;
3617;0.1;-0.747755;
3618;0.1;-0.759053;
3619;0.1;-0.770365;
3620;0.1;-0.781628;
3621;0.1;-0.792949;
3622;0.1;-0.80427;
3623;0.1;-0.815543;
3624;0.1;-0.826835;
3625;0.1;-0.838077;
3626;0.1;-0.84933;
3627;0.1;-0.860655;
3628;0.1;-0.871957;
3629;0.1;-0.88325;
3630;0.1;-0.894524;
3631;0.1;-0.905779;
3632;0.1;-0.917065;
3633;0.1;-0.928409;
3634;0.1;-0.939689;
3635;0.1;-0.951009;
3636;0.1;-0.962315;
3637;0.1;-0.973622;
3638;0.1;-0.984974;
3639;0.1;-0.996288;
3640;0.1;-1.00758;
3641;0.1;-1.0189;
