0;0.2;0.333666;
1;0.2;0.333666;
2;0.2;0.333666;
3;0.2;0.333666;
4;0.2;0.333666;
5;0.2;0.333666;
6;0.2;0.333666;
7;0.2;0.333666;
8;0.2;0.333666;
9;0.2;0.333666;
10;0.2;0.333666;
11;0.2;0.333666;
12;0.2;0.333666;
13;0.2;0.333666;
14;0.2;0.333666;
15;0.2;0.333666;
16;0.2;0.333666;
17;0.2;0.333666;
18;0.2;0.333666;
19;0.2;0.333666;
20;0.2;0.333666;
21;0.2;0.333666;
22;0.2;0.333666;
23;0.2;0.333666;
24;0.2;0.333666;
25;0.2;0.333666;
26;0.2;0.333666;
27;0.2;0.333666;
28;0.2;0.333666;
29;0.2;0.333666;
30;0.2;0.333666;
31;0.2;0.333666;
32;0.2;0.333666;
33;0.2;0.333666;
34;0.2;0.333666;
35;0.2;0.333666;
36;0.2;0.333666;
37;0.2;0.333666;
38;0.2;0.333666;
39;0.2;0.333666;
40;0.2;0.333666;
41;0.2;0.333666;
42;0.2;0.333666;
43;0.2;0.333666;
44;0.2;0.333666;
45;0.2;0.333666;
46;0.2;0.333666;
47;0.2;0.333666;
48;0.2;0.333666;
49;0.2;0.333675;
50;0.2;0.333687;
51;0.2;0.333704;
52;0.2;0.333725;
53;0.2;0.333749;
54;0.2;0.333777;
55;0.2;0.333807;
56;0.2;0.333838;
57;0.2;0.333869;
58;0.2;0.333904;
59;0.2;0.333925;
60;0.2;0.333945;
61;0.2;0.333957;
62;0.2;0.333981;
63;0.2;0.334013;
64;0.2;0.334053;
65;0.2;0.334098;
66;0.2;0.334154;
67;0.2;0.334214;
68;0.2;0.334281;
69;0.2;0.334357;
70;0.2;0.33444;
71;0.2;0.334533;
72;0.2;0.334633;
73;0.2;0.334753;
74;0.2;0.334874;
75;0.2;0.335009;
76;0.2;0.335149;
77;0.2;0.3353;
78;0.2;0.335459;
79;0.2;0.33563;
80;0.2;0.33581;
81;0.2;0.336003;
82;0.2;0.336205;
83;0.2;0.33642;
84;0.2;0.336647;
85;0.2;0.336887;
86;0.2;0.337139;
87;0.2;0.337405;
88;0.2;0.337683;
89;0.2;0.337977;
90;0.2;0.338283;
91;0.2;0.338606;
92;0.2;0.338946;
93;0.2;0.339303;
94;0.2;0.339678;
95;0.2;0.340071;
96;0.2;0.340483;
97;0.2;0.340914;
98;0.2;0.341412;
99;0.2;0.341886;
100;0.2;0.34238;
101;0.2;0.342896;
102;0.2;0.343433;
103;0.2;0.343993;
104;0.2;0.34458;
105;0.2;0.345196;
106;0.2;0.345838;
107;0.2;0.346511;
108;0.2;0.347212;
109;0.2;0.347941;
110;0.2;0.348695;
111;0.2;0.349484;
112;0.2;0.350306;
113;0.2;0.351165;
114;0.2;0.352061;
115;0.2;0.352999;
116;0.2;0.353984;
117;0.2;0.355011;
118;0.2;0.356084;
119;0.2;0.357201;
120;0.0;0.358363;
121;0.0;0.359449;
122;0.0;0.360279;
123;0.0;0.360951;
124;0.0;0.361543;
125;0.0;0.362084;
126;0.0;0.362577;
127;0.0;0.363025;
128;0.0;0.36343;
129;0.0;0.363788;
130;0.0;0.364097;
131;0.0;0.364352;
132;0.0;0.364551;
133;0.0;0.364689;
134;0.0;0.364756;
135;0.0;0.364749;
136;0.0;0.364664;
137;0.0;0.364498;
138;0.0;0.364249;
139;0.0;0.363914;
140;0.0;0.363492;
141;0.0;0.362986;
142;0.0;0.362397;
143;0.0;0.361723;
144;0.0;0.360968;
145;0.0;0.360126;
146;0.0;0.359199;
147;0.0;0.358177;
148;0.0;0.356941;
149;0.0;0.355583;
150;0.0;0.354101;
151;0.0;0.352493;
152;0.0;0.350752;
153;0.0;0.348876;
154;0.0;0.346863;
155;0.0;0.34471;
156;0.0;0.34241;
157;0.0;0.339957;
158;0.0;0.337349;
159;0.0;0.334587;
160;0.1;0.331665;
161;0.1;0.328706;
162;0.1;0.325829;
163;0.1;0.32298;
164;0.1;0.320114;
165;0.1;0.317222;
166;0.1;0.314295;
167;0.1;0.3113;
168;0.1;0.308247;
169;0.1;0.30516;
170;0.1;0.302021;
171;0.1;0.298809;
172;0.1;0.295553;
173;0.1;0.292266;
174;0.1;0.288919;
175;0.1;0.285519;
176;0.1;0.282096;
177;0.1;0.278631;
178;0.1;0.275114;
179;0.1;0.271574;
180;0.0;0.26801;
181;0.0;0.264249;
182;0.0;0.260168;
183;0.0;0.255837;
184;0.0;0.251286;
185;0.0;0.24654;
186;0.0;0.241608;
187;0.0;0.236493;
188;0.0;0.231198;
189;0.0;0.225724;
190;0.1;0.220071;
191;0.1;0.214446;
192;0.1;0.20898;
193;0.1;0.203533;
194;0.1;0.198088;
195;0.1;0.192642;
196;0.1;0.1872;
197;0.1;0.181753;
198;0.1;0.176267;
199;0.1;0.170764;
200;0.0;0.165294;
201;0.0;0.15965;
202;0.0;0.15362;
203;0.0;0.147669;
204;0.0;0.14168;
205;0.0;0.135677;
206;0.0;0.129668;
207;0.0;0.123656;
208;0.0;0.117641;
209;0.0;0.111627;
210;0.0;0.105611;
211;0.0;0.0995955;
212;0.0;0.0935805;
213;0.0;0.0875651;
214;0.0;0.0815488;
215;0.0;0.0755329;
216;0.0;0.069517;
217;0.0;0.0635011;
218;0.0;0.0574857;
219;0.0;0.0514698;
220;0.0;0.0454543;
221;0.0;0.0394398;
222;0.0;0.0334237;
223;0.0;0.0274067;
224;0.0;0.0213908;
225;0.0;0.0153749;
226;0.0;0.00935898;
227;0.0;0.00334307;
228;0.0;-0.00267283;
229;0.0;-0.00868874;
230;0.0;-0.0147046;
231;0.0;-0.0207205;
232;0.0;-0.0267376;
233;0.0;-0.0327543;
234;0.0;-0.038769;
235;0.0;-0.0447852;
236;0.0;-0.0508016;
237;0.0;-0.0568166;
238;0.0;-0.0628325;
239;0.0;-0.0688482;
240;0.0;-0.0748632;
241;0.0;-0.0808791;
242;0.0;-0.086894;
243;0.0;-0.0929089;
244;0.0;-0.0989248;
245;0.0;-0.10494;
246;0.0;-0.110955;
247;0.0;-0.116971;
248;0.0;-0.122987;
249;0.0;-0.129002;
250;0.0;-0.135017;
251;0.0;-0.14103;
252;0.0;-0.147044;
253;0.0;-0.153059;
254;0.0;-0.159072;
255;0.0;-0.165085;
256;0.0;-0.171099;
257;0.0;-0.177114;
258;0.0;-0.183128;
259;0.0;-0.18914;
260;0.0;-0.195153;
261;0.0;-0.201165;
262;0.0;-0.207177;
263;0.0;-0.213189;
264;0.0;-0.2192;
265;0.0;-0.225211;
266;0.0;-0.231224;
267;0.0;-0.237234;
268;0.0;-0.243246;
269;0.0;-0.249259;
270;0.1;-0.255271;
271;0.1;-0.261135;
272;0.1;-0.266757;
273;0.1;-0.272159;
274;0.1;-0.277347;
275;0.1;-0.282332;
276;0.1;-0.287154;
277;0.1;-0.291844;
278;0.1;-0.296343;
279;0.1;-0.30065;
280;0.0;-0.304827;
281;0.0;-0.30904;
282;0.0;-0.313399;
283;0.0;-0.317798;
284;0.0;-0.322215;
285;0.0;-0.326642;
286;0.0;-0.331076;
287;0.0;-0.335511;
288;0.0;-0.339947;
289;0.0;-0.344385;
290;0.1;-0.348823;
291;0.1;-0.353134;
292;0.1;-0.357145;
293;0.1;-0.360896;
294;0.1;-0.364446;
295;0.1;-0.367842;
296;0.1;-0.371059;
297;0.1;-0.374089;
298;0.1;-0.37697;
299;0.1;-0.379688;
300;0.1;-0.382232;
301;0.1;-0.384617;
302;0.1;-0.386844;
303;0.1;-0.388909;
304;0.1;-0.390806;
305;0.1;-0.39254;
306;0.1;-0.394112;
307;0.1;-0.395524;
308;0.1;-0.396769;
309;0.1;-0.397848;
310;0.2;-0.398762;
311;0.2;-0.39938;
312;0.2;-0.399567;
313;0.2;-0.399368;
314;0.2;-0.398809;
315;0.2;-0.397905;
316;0.2;-0.396659;
317;0.2;-0.395088;
318;0.2;-0.393191;
319;0.2;-0.390949;
320;0.2;-0.38838;
321;0.2;-0.385494;
322;0.2;-0.382256;
323;0.2;-0.37868;
324;0.2;-0.374796;
325;0.2;-0.370575;
326;0.2;-0.366007;
327;0.2;-0.361105;
328;0.2;-0.355918;
329;0.2;-0.350401;
330;-0.1;-0.344509;
331;-0.1;-0.338488;
332;-0.1;-0.332785;
333;-0.1;-0.327547;
334;-0.1;-0.322654;
335;-0.1;-0.317994;
336;-0.1;-0.313498;
337;-0.1;-0.309177;
338;-0.1;-0.305065;
339;-0.1;-0.301105;
340;-0.1;-0.297294;
341;-0.1;-0.293673;
342;-0.1;-0.290225;
343;-0.1;-0.286917;
344;-0.1;-0.283778;
345;-0.1;-0.280817;
346;-0.1;-0.278005;
347;-0.1;-0.275351;
348;-0.1;-0.272864;
349;-0.1;-0.270545;
350;-0.1;-0.268383;
351;-0.1;-0.266382;
352;-0.1;-0.264551;
353;-0.1;-0.262886;
354;-0.1;-0.261382;
355;-0.1;-0.260047;
356;-0.1;-0.258877;
357;-0.1;-0.257867;
358;-0.1;-0.257032;
359;-0.1;-0.256363;
360;0.2;-0.255851;
361;0.2;-0.255229;
362;0.2;-0.253965;
363;0.2;-0.252226;
364;0.2;-0.25007;
365;0.2;-0.247482;
366;0.2;-0.24454;
367;0.2;-0.241279;
368;0.2;-0.237661;
369;0.2;-0.2337;
370;-0.1;-0.229419;
371;-0.1;-0.225092;
372;-0.1;-0.221301;
373;-0.1;-0.217929;
374;-0.1;-0.214786;
375;-0.1;-0.211848;
376;-0.1;-0.209108;
377;-0.1;-0.206546;
378;-0.1;-0.204144;
379;-0.1;-0.201906;
380;-0.2;-0.199837;
381;-0.2;-0.198043;
382;-0.2;-0.196661;
383;-0.2;-0.195701;
384;-0.2;-0.195099;
385;-0.2;-0.194828;
386;-0.2;-0.194909;
387;-0.2;-0.195323;
388;-0.2;-0.196054;
389;-0.2;-0.197121;
390;0.2;-0.19853;
391;0.2;-0.199999;
392;0.2;-0.200983;
393;0.2;-0.201426;
394;0.2;-0.201357;
395;0.2;-0.200849;
396;0.2;-0.199964;
397;0.2;-0.198721;
398;0.2;-0.197137;
399;0.2;-0.195217;
400;0.2;-0.192947;
401;0.2;-0.190359;
402;0.2;-0.187449;
403;0.2;-0.18418;
404;0.2;-0.180583;
405;0.2;-0.176678;
406;0.2;-0.17243;
407;0.2;-0.16783;
408;0.2;-0.162908;
409;0.2;-0.157698;
410;-0.2;-0.15214;
411;-0.2;-0.146448;
412;-0.2;-0.1411;
413;-0.2;-0.136225;
414;-0.2;-0.131977;
415;-0.2;-0.128214;
416;-0.2;-0.124803;
417;-0.2;-0.121725;
418;-0.2;-0.119002;
419;-0.2;-0.116637;
420;-0.2;-0.114582;
421;-0.2;-0.113015;
422;-0.2;-0.111725;
423;-0.2;-0.110696;
424;-0.2;-0.10995;
425;-0.2;-0.109491;
426;-0.2;-0.109287;
427;-0.2;-0.109343;
428;-0.2;-0.109708;
429;-0.2;-0.110331;
430;0.2;-0.1112;
431;0.2;-0.112133;
432;0.2;-0.112531;
433;0.2;-0.112416;
434;0.2;-0.111931;
435;0.2;-0.111044;
436;0.2;-0.109812;
437;0.2;-0.108309;
438;0.2;-0.106528;
439;0.2;-0.10443;
440;-0.2;-0.102068;
441;-0.2;-0.0995773;
442;-0.2;-0.0974206;
443;-0.2;-0.0958755;
444;-0.2;-0.0948013;
445;-0.2;-0.094061;
446;-0.2;-0.0936741;
447;-0.2;-0.0936022;
448;-0.2;-0.0937918;
449;-0.2;-0.0942558;
450;0.2;-0.0950305;
451;0.2;-0.0958914;
452;0.2;-0.0965247;
453;0.2;-0.0966761;
454;0.2;-0.0962638;
455;0.2;-0.0954909;
456;0.2;-0.0944074;
457;0.2;-0.0929708;
458;0.2;-0.0912514;
459;0.2;-0.089275;
460;0.2;-0.0870227;
461;0.2;-0.0844766;
462;0.2;-0.0816769;
463;0.2;-0.0786058;
464;0.2;-0.0752659;
465;0.2;-0.071666;
466;0.2;-0.0678024;
467;0.2;-0.0636495;
468;0.2;-0.0592374;
469;0.2;-0.0545795;
470;-0.2;-0.0496571;
471;-0.2;-0.0446096;
472;-0.2;-0.039858;
473;-0.2;-0.0354918;
474;-0.2;-0.0316477;
475;-0.2;-0.0282878;
476;-0.2;-0.0252276;
477;-0.2;-0.0224224;
478;-0.2;-0.0199277;
479;-0.2;-0.0177363;
480;-0.2;-0.0157934;
481;-0.2;-0.0141123;
482;-0.2;-0.0127036;
483;-0.2;-0.0115674;
484;-0.2;-0.0107007;
485;-0.2;-0.0101009;
486;-0.2;-0.00976448;
487;-0.2;-0.00969645;
488;-0.2;-0.00991631;
489;-0.2;-0.010399;
490;0.0;-0.0111441;
491;0.0;-0.0119593;
492;0.0;-0.012516;
493;0.0;-0.012956;
494;0.0;-0.0133479;
495;0.0;-0.0137089;
496;0.0;-0.014055;
497;0.0;-0.0143934;
498;0.0;-0.0147265;
499;0.0;-0.0150575;
500;0.2;-0.0153875;
501;0.2;-0.0155974;
502;0.2;-0.0153632;
503;0.2;-0.0146777;
504;0.2;-0.0136873;
505;0.2;-0.0123955;
506;0.2;-0.0107805;
507;0.2;-0.00889397;
508;0.2;-0.00673968;
509;0.2;-0.00430171;
510;-0.2;-0.00158895;
511;-0.2;0.00115814;
512;-0.2;0.00344442;
513;-0.2;0.00530396;
514;-0.2;0.00678978;
515;-0.2;0.00786641;
516;-0.2;0.00860507;
517;-0.2;0.00906283;
518;-0.2;0.00923551;
519;-0.2;0.00909894;
520;0.2;0.00870018;
521;0.2;0.00820656;
522;0.2;0.00813128;
523;0.2;0.0085968;
524;0.2;0.00947952;
525;0.2;0.010709;
526;0.2;0.0122907;
527;0.2;0.0141744;
528;0.2;0.0163246;
529;0.2;0.0187564;
530;-0.2;0.021494;
531;-0.2;0.0243473;
532;-0.2;0.0269619;
533;-0.2;0.0290601;
534;-0.2;0.0306194;
535;-0.2;0.0318058;
536;-0.2;0.0326803;
537;-0.2;0.0332147;
538;-0.2;0.0334685;
539;-0.2;0.0334665;
540;-0.1;0.0331704;
541;-0.1;0.0327469;
542;-0.1;0.0323162;
543;-0.1;0.0317925;
544;-0.1;0.0311433;
545;-0.1;0.030374;
546;-0.1;0.0294893;
547;-0.1;0.0284704;
548;-0.1;0.0273019;
549;-0.1;0.0260096;
550;0.2;0.0245934;
551;0.2;0.0232568;
552;0.2;0.0224792;
553;0.2;0.0221367;
554;0.2;0.0221402;
555;0.2;0.0225196;
556;0.2;0.0231941;
557;0.2;0.02413;
558;0.2;0.0253601;
559;0.2;0.0268931;
560;0.2;0.0286734;
561;0.2;0.0307068;
562;0.2;0.0330397;
563;0.2;0.0356469;
564;0.2;0.0385071;
565;0.2;0.0416218;
566;0.2;0.0450186;
567;0.2;0.0486883;
568;0.2;0.052631;
569;0.2;0.0568218;
570;-0.2;0.0612638;
571;-0.2;0.0657419;
572;-0.2;0.0697893;
573;-0.2;0.0734501;
574;-0.2;0.0767284;
575;-0.2;0.0795902;
576;-0.2;0.0820909;
577;-0.2;0.084292;
578;-0.2;0.0862223;
579;-0.2;0.0878565;
580;-0.2;0.0892039;
581;-0.2;0.0902952;
582;-0.2;0.0910914;
583;-0.2;0.0916125;
584;-0.2;0.0918813;
585;-0.2;0.0918781;
586;-0.2;0.0915698;
587;-0.2;0.0910119;
588;-0.2;0.0902044;
589;-0.2;0.0891009;
590;0.2;0.0877141;
591;0.2;0.0862371;
592;0.2;0.0850232;
593;0.2;0.0843341;
594;0.2;0.0841475;
595;0.2;0.084321;
596;0.2;0.0848272;
597;0.2;0.0856747;
598;0.2;0.086787;
599;0.2;0.0881616;
600;0.2;0.0898421;
601;0.2;0.0918049;
602;0.2;0.0940182;
603;0.2;0.096492;
604;0.2;0.099265;
605;0.2;0.102305;
606;0.2;0.105603;
607;0.2;0.109156;
608;0.2;0.112986;
609;0.2;0.117097;
610;-0.2;0.121478;
611;-0.2;0.125945;
612;-0.2;0.130006;
613;-0.2;0.133467;
614;-0.2;0.136474;
615;-0.2;0.139162;
616;-0.2;0.141539;
617;-0.2;0.143602;
618;-0.2;0.14537;
619;-0.2;0.146874;
620;-0.2;0.148094;
621;-0.2;0.149024;
622;-0.2;0.149696;
623;-0.2;0.150104;
624;-0.2;0.150208;
625;-0.2;0.15005;
626;-0.2;0.149636;
627;-0.2;0.148935;
628;-0.2;0.147939;
629;-0.2;0.146704;
630;0.2;0.145202;
631;0.2;0.143622;
632;0.2;0.142504;
633;0.2;0.141878;
634;0.2;0.141666;
635;0.2;0.141853;
636;0.2;0.14236;
637;0.2;0.143158;
638;0.2;0.144249;
639;0.2;0.145636;
640;0.2;0.147284;
641;0.2;0.149192;
642;0.2;0.151404;
643;0.2;0.153888;
644;0.2;0.156625;
645;0.2;0.159632;
646;0.2;0.162932;
647;0.2;0.166509;
648;0.2;0.17034;
649;0.2;0.174428;
650;-0.2;0.178796;
651;-0.2;0.183262;
652;-0.2;0.187438;
653;-0.2;0.19124;
654;-0.2;0.194552;
655;-0.2;0.197408;
656;-0.2;0.199937;
657;-0.2;0.202192;
658;-0.2;0.204159;
659;-0.2;0.205836;
660;0.2;0.207233;
661;0.2;0.208572;
662;0.2;0.21044;
663;0.2;0.212838;
664;0.2;0.215607;
665;0.2;0.218718;
666;0.2;0.222178;
667;0.2;0.225951;
668;0.2;0.229991;
669;0.2;0.23429;
670;-0.2;0.238881;
671;-0.2;0.243591;
672;-0.2;0.248042;
673;-0.2;0.252118;
674;-0.2;0.255669;
675;-0.2;0.258761;
676;-0.2;0.261544;
677;-0.2;0.264058;
678;-0.2;0.266277;
679;-0.2;0.268203;
680;-0.2;0.269856;
681;-0.2;0.271251;
682;-0.2;0.272366;
683;-0.2;0.273206;
684;-0.2;0.27378;
685;-0.2;0.274082;
686;-0.2;0.274092;
687;-0.2;0.273844;
688;-0.2;0.27333;
689;-0.2;0.272529;
690;0.0;0.271446;
691;0.0;0.270289;
692;0.0;0.269325;
693;0.0;0.268489;
694;0.0;0.267714;
695;0.0;0.266967;
696;0.0;0.266234;
697;0.0;0.26551;
698;0.0;0.26479;
699;0.0;0.264071;
700;0.2;0.263354;
701;0.2;0.262804;
702;0.2;0.262732;
703;0.2;0.263052;
704;0.2;0.263692;
705;0.2;0.264639;
706;0.2;0.265889;
707;0.2;0.267409;
708;0.2;0.269213;
709;0.2;0.271297;
710;0.0;0.27365;
711;0.0;0.276053;
712;0.0;0.278229;
713;0.0;0.280323;
714;0.0;0.282364;
715;0.0;0.284373;
716;0.0;0.28637;
717;0.0;0.288359;
718;0.0;0.290345;
719;0.0;0.292329;
720;-0.2;0.294311;
721;-0.2;0.296134;
722;-0.2;0.297439;
723;-0.2;0.298334;
724;-0.2;0.298926;
725;-0.2;0.299204;
726;-0.2;0.299171;
727;-0.2;0.298883;
728;-0.2;0.298335;
729;-0.2;0.297476;
730;0.1;0.296349;
731;0.1;0.295102;
732;0.1;0.294123;
733;0.1;0.293595;
734;0.1;0.293341;
735;0.1;0.293267;
736;0.1;0.293382;
737;0.1;0.29366;
738;0.1;0.294068;
739;0.1;0.294613;
740;0.0;0.295316;
741;0.0;0.296017;
742;0.0;0.296627;
743;0.0;0.297177;
744;0.0;0.297685;
745;0.0;0.298178;
746;0.0;0.298664;
747;0.0;0.299144;
748;0.0;0.299622;
749;0.0;0.300097;
750;-0.1;0.300573;
751;-0.1;0.300876;
752;-0.1;0.300915;
753;-0.1;0.300794;
754;-0.1;0.300497;
755;-0.1;0.300038;
756;-0.1;0.299451;
757;-0.1;0.298734;
758;-0.1;0.297865;
759;-0.1;0.296871;
760;-0.1;0.295715;
761;-0.1;0.294419;
762;-0.1;0.29302;
763;-0.1;0.291483;
764;-0.1;0.289785;
765;-0.1;0.28796;
766;-0.1;0.286028;
767;-0.1;0.283948;
768;-0.1;0.281723;
769;-0.1;0.279367;
770;0.1;0.276881;
771;0.1;0.274451;
772;0.1;0.272406;
773;0.1;0.270631;
774;0.1;0.269047;
775;0.1;0.267626;
776;0.1;0.266362;
777;0.1;0.265243;
778;0.1;0.264266;
779;0.1;0.263427;
780;-0.1;0.262729;
781;-0.1;0.262012;
782;-0.1;0.261006;
783;-0.1;0.259697;
784;-0.1;0.258165;
785;-0.1;0.256469;
786;-0.1;0.254623;
787;-0.1;0.252616;
788;-0.1;0.250466;
789;-0.1;0.248183;
790;0.1;0.245758;
791;0.1;0.243396;
792;0.1;0.241348;
793;0.1;0.239519;
794;0.1;0.237926;
795;0.1;0.236511;
796;0.1;0.235256;
797;0.1;0.234154;
798;0.1;0.233163;
799;0.1;0.232319;
800;0.0;0.231644;
801;0.0;0.230998;
802;0.0;0.230245;
803;0.0;0.2294;
804;0.0;0.228517;
805;0.0;0.227623;
806;0.0;0.226721;
807;0.0;0.225814;
808;0.0;0.224906;
809;0.0;0.223995;
810;0.0;0.223084;
811;0.0;0.222173;
812;0.0;0.221262;
813;0.0;0.22035;
814;0.0;0.219438;
815;0.0;0.218527;
816;0.0;0.217615;
817;0.0;0.216702;
818;0.0;0.215791;
819;0.0;0.214879;
820;0.0;0.213967;
821;0.0;0.212963;
822;0.0;0.211961;
823;0.0;0.210958;
824;0.0;0.209954;
825;0.0;0.208951;
826;0.0;0.207948;
827;0.0;0.206944;
828;0.0;0.20594;
829;0.0;0.204936;
830;0.0;0.203931;
831;0.0;0.202926;
832;0.0;0.201922;
833;0.0;0.200918;
834;0.0;0.199913;
835;0.0;0.198907;
836;0.0;0.1979;
837;0.0;0.196894;
838;0.0;0.195889;
839;0.0;0.194882;
840;0.0;0.193878;
841;0.0;0.192873;
842;0.0;0.19187;
843;0.0;0.190867;
844;0.0;0.189862;
845;0.0;0.188858;
846;0.0;0.187855;
847;0.0;0.186851;
848;0.0;0.185847;
849;0.0;0.184845;
850;0.2;0.183842;
851;0.2;0.183059;
852;0.2;0.182727;
853;0.2;0.182834;
854;0.2;0.183397;
855;0.2;0.184284;
856;0.2;0.18551;
857;0.2;0.187112;
858;0.2;0.189023;
859;0.2;0.191258;
860;0.2;0.193839;
861;0.2;0.196742;
862;0.2;0.199966;
863;0.2;0.203531;
864;0.2;0.207411;
865;0.2;0.211613;
866;0.2;0.216164;
867;0.2;0.221078;
868;0.2;0.22628;
869;0.2;0.231754;
870;0.1;0.23762;
871;0.1;0.243659;
872;0.1;0.249702;
873;0.1;0.255859;
874;0.1;0.262177;
875;0.1;0.268662;
876;0.1;0.275294;
877;0.1;0.282074;
878;0.1;0.28899;
879;0.1;0.296096;
880;-0.2;0.303397;
881;-0.2;0.310691;
882;-0.2;0.317536;
883;-0.2;0.323669;
884;-0.2;0.32936;
885;-0.2;0.334742;
886;-0.2;0.33977;
887;-0.2;0.344432;
888;-0.2;0.348732;
889;-0.2;0.352753;
890;-0.1;0.356475;
891;-0.1;0.35999;
892;-0.1;0.363443;
893;-0.1;0.366805;
894;-0.1;0.370017;
895;-0.1;0.373067;
896;-0.1;0.375979;
897;-0.1;0.378725;
898;-0.1;0.381297;
899;-0.1;0.383719;
900;-0.2;0.385979;
901;-0.2;0.387931;
902;-0.2;0.38944;
903;-0.2;0.390531;
904;-0.2;0.391323;
905;-0.2;0.391765;
906;-0.2;0.391841;
907;-0.2;0.39163;
908;-0.2;0.391089;
909;-0.2;0.390202;
910;-0.1;0.389025;
911;-0.1;0.387703;
912;-0.1;0.386356;
913;-0.1;0.384895;
914;-0.1;0.38328;
915;-0.1;0.381504;
916;-0.1;0.379581;
917;-0.1;0.377495;
918;-0.1;0.375228;
919;-0.1;0.372805;
920;0.1;0.370228;
921;0.1;0.367765;
922;0.1;0.365762;
923;0.1;0.36401;
924;0.1;0.362487;
925;0.1;0.361169;
926;0.1;0.360019;
927;0.1;0.35904;
928;0.1;0.35824;
929;0.1;0.357595;
930;0.0;0.357112;
931;0.0;0.356603;
932;0.0;0.355944;
933;0.0;0.355239;
934;0.0;0.354503;
935;0.0;0.353757;
936;0.0;0.353004;
937;0.0;0.352247;
938;0.0;0.351492;
939;0.0;0.350733;
940;0.0;0.349972;
941;0.0;0.349216;
942;0.0;0.348459;
943;0.0;0.347698;
944;0.0;0.346942;
945;0.0;0.346187;
946;0.0;0.345432;
947;0.0;0.344679;
948;0.0;0.343924;
949;0.0;0.343167;
950;0.0;0.342412;
951;0.0;0.341657;
952;0.0;0.340899;
953;0.0;0.340143;
954;0.0;0.339387;
955;0.0;0.338629;
956;0.0;0.337872;
957;0.0;0.337116;
958;0.0;0.336358;
959;0.0;0.3356;
960;0.0;0.334844;
961;0.0;0.334086;
962;0.0;0.333328;
963;0.0;0.33257;
964;0.0;0.331811;
965;0.0;0.331053;
966;0.0;0.330295;
967;0.0;0.329536;
968;0.0;0.328777;
969;0.0;0.328019;
970;0.0;0.327261;
971;0.0;0.326503;
972;0.0;0.325741;
973;0.0;0.324979;
974;0.0;0.324223;
975;0.0;0.323463;
976;0.0;0.322703;
977;0.0;0.321949;
978;0.0;0.321193;
979;0.0;0.320436;
980;0.1;0.319683;
981;0.1;0.319118;
982;0.1;0.318874;
983;0.1;0.318829;
984;0.1;0.318972;
985;0.1;0.319307;
986;0.1;0.319801;
987;0.1;0.32046;
988;0.1;0.321299;
989;0.1;0.322299;
990;0.0;0.323462;
991;0.0;0.32462;
992;0.0;0.32563;
993;0.0;0.326588;
994;0.0;0.32752;
995;0.0;0.328437;
996;0.0;0.329349;
997;0.0;0.33026;
998;0.0;0.331167;
999;0.0;0.332073;
1000;-0.2;0.33298;
1001;-0.2;0.333697;
1002;-0.2;0.333903;
1003;-0.2;0.333616;
1004;-0.2;0.332931;
1005;-0.2;0.331872;
1006;-0.2;0.330431;
1007;-0.2;0.328658;
1008;-0.2;0.326576;
1009;-0.2;0.324132;
1010;-0.2;0.321352;
1011;-0.2;0.318322;
1012;-0.2;0.314949;
1013;-0.2;0.311194;
1014;-0.2;0.307133;
1015;-0.2;0.302779;
1016;-0.2;0.29809;
1017;-0.2;0.29303;
1018;-0.2;0.287657;
1019;-0.2;0.282018;
1020;0.1;0.276028;
1021;0.1;0.269927;
1022;0.1;0.264173;
1023;0.1;0.258761;
1024;0.1;0.253688;
1025;0.1;0.248881;
1026;0.1;0.244269;
1027;0.1;0.239808;
1028;0.1;0.235529;
1029;0.1;0.231445;
1030;0.1;0.227504;
1031;0.1;0.223724;
1032;0.1;0.220132;
1033;0.1;0.216698;
1034;0.1;0.213413;
1035;0.1;0.210299;
1036;0.1;0.207354;
1037;0.1;0.204565;
1038;0.1;0.201935;
1039;0.1;0.19946;
1040;-0.1;0.19717;
1041;-0.1;0.194847;
1042;-0.1;0.192202;
1043;-0.1;0.189236;
1044;-0.1;0.185948;
1045;-0.1;0.182493;
1046;-0.1;0.178891;
1047;-0.1;0.175057;
1048;-0.1;0.171054;
1049;-0.1;0.166893;
1050;-0.1;0.162587;
1051;-0.1;0.158104;
1052;-0.1;0.153436;
1053;-0.1;0.148638;
1054;-0.1;0.143693;
1055;-0.1;0.138565;
1056;-0.1;0.133267;
1057;-0.1;0.127832;
1058;-0.1;0.122254;
1059;-0.1;0.116502;
1060;-0.1;0.110548;
1061;-0.1;0.104468;
1062;-0.1;0.0982669;
1063;-0.1;0.0918329;
1064;-0.1;0.0852212;
1065;-0.1;0.0785114;
1066;-0.1;0.0716288;
1067;-0.1;0.0645518;
1068;-0.1;0.0573137;
1069;-0.1;0.0499321;
1070;-0.1;0.0424475;
1071;-0.1;0.034759;
1072;-0.1;0.0268495;
1073;-0.1;0.0188483;
1074;-0.1;0.0107054;
1075;-0.1;0.00238139;
1076;-0.1;-0.00611738;
1077;-0.1;-0.0147846;
1078;-0.1;-0.0236172;
1079;-0.1;-0.0325649;
1080;-0.1;-0.0416688;
1081;-0.1;-0.0509635;
1082;-0.1;-0.0603953;
1083;-0.1;-0.0699982;
1084;-0.1;-0.0797675;
1085;-0.1;-0.0896591;
1086;-0.1;-0.0997522;
1087;-0.1;-0.11005;
1088;-0.1;-0.120415;
1089;-0.1;-0.130907;
1090;-0.1;-0.141609;
1091;-0.1;-0.152483;
1092;-0.1;-0.163555;
1093;-0.1;-0.174718;
1094;-0.1;-0.185984;
1095;-0.1;-0.197485;
1096;-0.1;-0.209137;
1097;-0.1;-0.220953;
1098;-0.1;-0.232906;
1099;-0.1;-0.244956;
1100;0.1;-0.257229;
1101;0.1;-0.269445;
1102;0.1;-0.281156;
1103;0.1;-0.29257;
1104;0.1;-0.303836;
1105;0.1;-0.314878;
1106;0.1;-0.325734;
1107;0.1;-0.336444;
1108;0.1;-0.346998;
1109;0.1;-0.357393;
1110;0.1;-0.367629;
1111;0.1;-0.377701;
1112;0.1;-0.387613;
1113;0.1;-0.397388;
1114;0.1;-0.40697;
1115;0.1;-0.416403;
1116;0.1;-0.425686;
1117;0.1;-0.434789;
1118;0.1;-0.443744;
1119;0.1;-0.452568;
1120;0.1;-0.461213;
1121;0.1;-0.46968;
1122;0.1;-0.477984;
1123;0.1;-0.486132;
1124;0.1;-0.494153;
1125;0.1;-0.501992;
1126;0.1;-0.509642;
1127;0.1;-0.51717;
1128;0.1;-0.524552;
1129;0.1;-0.531741;
1130;0.1;-0.538766;
1131;0.1;-0.545632;
1132;0.1;-0.552354;
1133;0.1;-0.558916;
1134;0.1;-0.565285;
1135;0.1;-0.571509;
1136;0.1;-0.577605;
1137;0.1;-0.583509;
1138;0.1;-0.589238;
1139;0.1;-0.594827;
1140;0.1;-0.600255;
1141;0.1;-0.605511;
1142;0.1;-0.6106;
1143;0.1;-0.615533;
1144;0.1;-0.620318;
1145;0.1;-0.624939;
1146;0.1;-0.629374;
1147;0.1;-0.633647;
1148;0.1;-0.637781;
1149;0.1;-0.641743;
1150;0.1;-0.64552;
1151;0.1;-0.649144;
1152;0.1;-0.652619;
1153;0.1;-0.655921;
1154;0.1;-0.659051;
1155;0.1;-0.662026;
1156;0.1;-0.664844;
1157;0.1;-0.667496;
1158;0.1;-0.669983;
1159;0.1;-0.672309;
1160;0.1;-0.674471;
1161;0.1;-0.676468;
1162;0.1;-0.6783;
1163;0.1;-0.67997;
1164;0.1;-0.68147;
1165;0.1;-0.682805;
1166;0.1;-0.683982;
1167;0.1;-0.684986;
1168;0.1;-0.685825;
1169;0.1;-0.686506;
1170;-0.1;-0.687017;
1171;-0.1;-0.687599;
1172;-0.1;-0.688522;
1173;-0.1;-0.689749;
1174;-0.1;-0.69127;
1175;-0.1;-0.69298;
1176;-0.1;-0.694867;
1177;-0.1;-0.696955;
1178;-0.1;-0.699206;
1179;-0.1;-0.701629;
1180;-0.2;-0.7042;
1181;-0.2;-0.706996;
1182;-0.2;-0.710309;
1183;-0.2;-0.714065;
1184;-0.2;-0.718112;
1185;-0.2;-0.722468;
1186;-0.2;-0.727216;
1187;-0.2;-0.732314;
1188;-0.2;-0.737675;
1189;-0.2;-0.743318;
1190;0.1;-0.749258;
1191;0.1;-0.755317;
1192;0.1;-0.761007;
1193;0.1;-0.766396;
1194;0.1;-0.771457;
1195;0.1;-0.776246;
1196;0.1;-0.78087;
1197;0.1;-0.78533;
1198;0.1;-0.789598;
1199;0.1;-0.793698;
1200;0.1;-0.797646;
1201;0.1;-0.801428;
1202;0.1;-0.805042;
1203;0.1;-0.808491;
1204;0.1;-0.811782;
1205;0.1;-0.81491;
1206;0.1;-0.817869;
1207;0.1;-0.820666;
1208;0.1;-0.823301;
1209;0.1;-0.825767;
1210;0.1;-0.828069;
1211;0.1;-0.830213;
1212;0.1;-0.832186;
1213;0.1;-0.833992;
1214;0.1;-0.835632;
1215;0.1;-0.837122;
1216;0.1;-0.838449;
1217;0.1;-0.839595;
1218;0.1;-0.840585;
1219;0.1;-0.84142;
1220;0.2;-0.842077;
1221;0.2;-0.842452;
1222;0.2;-0.84246;
1223;0.2;-0.842039;
1224;0.2;-0.841273;
1225;0.2;-0.840192;
1226;0.2;-0.838742;
1227;0.2;-0.836962;
1228;0.2;-0.83488;
1229;0.2;-0.832455;
1230;0.2;-0.829687;
1231;0.2;-0.826608;
1232;0.2;-0.823215;
1233;0.2;-0.819483;
1234;0.2;-0.815424;
1235;0.2;-0.811043;
1236;0.2;-0.806353;
1237;0.2;-0.801346;
1238;0.2;-0.795994;
1239;0.2;-0.790311;
1240;-0.1;-0.784328;
1241;-0.1;-0.778316;
1242;-0.1;-0.772831;
1243;-0.1;-0.767731;
1244;-0.1;-0.762823;
1245;-0.1;-0.758151;
1246;-0.1;-0.753738;
1247;-0.1;-0.749474;
1248;-0.1;-0.74537;
1249;-0.1;-0.741394;
1250;-0.1;-0.737617;
1251;-0.1;-0.734031;
1252;-0.1;-0.730548;
1253;-0.1;-0.727204;
1254;-0.1;-0.724091;
1255;-0.1;-0.721129;
1256;-0.1;-0.718269;
1257;-0.1;-0.715598;
1258;-0.1;-0.713104;
1259;-0.1;-0.710775;
1260;-0.1;-0.708608;
1261;-0.1;-0.706627;
1262;-0.1;-0.704812;
1263;-0.1;-0.70315;
1264;-0.1;-0.701677;
1265;-0.1;-0.700362;
1266;-0.1;-0.699193;
1267;-0.1;-0.698209;
1268;-0.1;-0.697389;
1269;-0.1;-0.696712;
1270;0.2;-0.696209;
1271;0.2;-0.695596;
1272;0.2;-0.694493;
1273;0.2;-0.692993;
1274;0.2;-0.690982;
1275;0.2;-0.688588;
1276;0.2;-0.685866;
1277;0.2;-0.682794;
1278;0.2;-0.679388;
1279;0.2;-0.675649;
1280;-0.1;-0.671581;
1281;-0.1;-0.66744;
1282;-0.1;-0.663723;
1283;-0.1;-0.660444;
1284;-0.1;-0.657519;
1285;-0.1;-0.65475;
1286;-0.1;-0.652162;
1287;-0.1;-0.649832;
1288;-0.1;-0.647653;
1289;-0.1;-0.645584;
1290;-0.1;-0.643729;
1291;-0.1;-0.642043;
1292;-0.1;-0.640494;
1293;-0.1;-0.639121;
1294;-0.1;-0.637915;
1295;-0.1;-0.636858;
1296;-0.1;-0.635971;
1297;-0.1;-0.635274;
1298;-0.1;-0.634721;
1299;-0.1;-0.634325;
1300;0.2;-0.634125;
1301;0.2;-0.633863;
1302;0.2;-0.63323;
1303;0.2;-0.632041;
1304;0.2;-0.630345;
1305;0.2;-0.628314;
1306;0.2;-0.625934;
1307;0.2;-0.623183;
1308;0.2;-0.62011;
1309;0.2;-0.616715;
1310;0.1;-0.612982;
1311;0.1;-0.609101;
1312;0.1;-0.605171;
1313;0.1;-0.601113;
1314;0.1;-0.596911;
1315;0.1;-0.59255;
1316;0.1;-0.588023;
1317;0.1;-0.583333;
1318;0.1;-0.578493;
1319;0.1;-0.573487;
1320;0.2;-0.568302;
1321;0.2;-0.562819;
1322;0.2;-0.556977;
1323;0.2;-0.550751;
1324;0.2;-0.544121;
1325;0.2;-0.537164;
1326;0.2;-0.529915;
1327;0.2;-0.522356;
1328;0.2;-0.514471;
1329;0.2;-0.506194;
1330;-0.1;-0.497599;
1331;-0.1;-0.488932;
1332;-0.1;-0.480737;
1333;-0.1;-0.473031;
1334;-0.1;-0.465548;
1335;-0.1;-0.458263;
1336;-0.1;-0.451154;
1337;-0.1;-0.444264;
1338;-0.1;-0.437583;
1339;-0.1;-0.430966;
1340;0.0;-0.424486;
1341;0.0;-0.418067;
1342;0.0;-0.411512;
1343;0.0;-0.404883;
1344;0.0;-0.398227;
1345;0.0;-0.391559;
1346;0.0;-0.384887;
1347;0.0;-0.378189;
1348;0.0;-0.371468;
1349;0.0;-0.364787;
1350;-0.1;-0.35811;
1351;-0.1;-0.351552;
1352;-0.1;-0.345309;
1353;-0.1;-0.339322;
1354;-0.1;-0.333569;
1355;-0.1;-0.327991;
1356;-0.1;-0.32254;
1357;-0.1;-0.317279;
1358;-0.1;-0.312238;
1359;-0.1;-0.307318;
1360;-0.1;-0.302548;
1361;-0.1;-0.297952;
1362;-0.1;-0.293571;
1363;-0.1;-0.289364;
1364;-0.1;-0.28529;
1365;-0.1;-0.281393;
1366;-0.1;-0.277679;
1367;-0.1;-0.274115;
1368;-0.1;-0.270703;
1369;-0.1;-0.267464;
1370;-0.1;-0.264399;
1371;-0.1;-0.26149;
1372;-0.1;-0.258741;
1373;-0.1;-0.25617;
1374;-0.1;-0.253768;
1375;-0.1;-0.251522;
1376;-0.1;-0.249438;
1377;-0.1;-0.247543;
1378;-0.1;-0.245842;
1379;-0.1;-0.244269;
1380;0.0;-0.242849;
1381;0.0;-0.241427;
1382;0.0;-0.23985;
1383;0.0;-0.238202;
1384;0.0;-0.236533;
1385;0.0;-0.234848;
1386;0.0;-0.233149;
1387;0.0;-0.231449;
1388;0.0;-0.229747;
1389;0.0;-0.228039;
1390;0.2;-0.226334;
1391;0.2;-0.224373;
1392;0.2;-0.221873;
1393;0.2;-0.218961;
1394;0.2;-0.215645;
1395;0.2;-0.211971;
1396;0.2;-0.207952;
1397;0.2;-0.203602;
1398;0.2;-0.198928;
1399;0.2;-0.19391;
1400;-0.2;-0.188547;
1401;-0.2;-0.183107;
1402;-0.2;-0.178204;
1403;-0.2;-0.173959;
1404;-0.2;-0.170402;
1405;-0.2;-0.167345;
1406;-0.2;-0.164748;
1407;-0.2;-0.162687;
1408;-0.2;-0.161139;
1409;-0.2;-0.160004;
1410;0.2;-0.159322;
1411;0.2;-0.158802;
1412;0.2;-0.157889;
1413;0.2;-0.156615;
1414;0.2;-0.154905;
1415;0.2;-0.152888;
1416;0.2;-0.150636;
1417;0.2;-0.148129;
1418;0.2;-0.145402;
1419;0.2;-0.142456;
1420;-0.2;-0.139282;
1421;-0.2;-0.136159;
1422;-0.2;-0.133755;
1423;-0.2;-0.132205;
1424;-0.2;-0.131415;
1425;-0.2;-0.131166;
1426;-0.2;-0.13142;
1427;-0.2;-0.132183;
1428;-0.2;-0.133409;
1429;-0.2;-0.135085;
1430;0.2;-0.137197;
1431;0.2;-0.139482;
1432;0.2;-0.141281;
1433;0.2;-0.142587;
1434;0.2;-0.143595;
1435;0.2;-0.14432;
1436;0.2;-0.144756;
1437;0.2;-0.144975;
1438;0.2;-0.144977;
1439;0.2;-0.14474;
1440;0.2;-0.144298;
1441;0.2;-0.143645;
1442;0.2;-0.142758;
1443;0.2;-0.141667;
1444;0.2;-0.140362;
1445;0.2;-0.138827;
1446;0.2;-0.137088;
1447;0.2;-0.135138;
1448;0.2;-0.132973;
1449;0.2;-0.130593;
1450;0.1;-0.128016;
1451;0.1;-0.125387;
1452;0.1;-0.122849;
1453;0.1;-0.12033;
1454;0.1;-0.117785;
1455;0.1;-0.115207;
1456;0.1;-0.112585;
1457;0.1;-0.109923;
1458;0.1;-0.107222;
1459;0.1;-0.104475;
1460;0.2;-0.101682;
1461;0.2;-0.0987305;
1462;0.2;-0.0954437;
1463;0.2;-0.0918701;
1464;0.2;-0.0880697;
1465;0.2;-0.0840617;
1466;0.2;-0.0798309;
1467;0.2;-0.0754008;
1468;0.2;-0.0707469;
1469;0.2;-0.0658671;
1470;-0.2;-0.0608032;
1471;-0.2;-0.0557515;
1472;-0.2;-0.0513906;
1473;-0.2;-0.0479258;
1474;-0.2;-0.0450806;
1475;-0.2;-0.0428487;
1476;-0.2;-0.0411784;
1477;-0.2;-0.0400157;
1478;-0.2;-0.0393087;
1479;-0.2;-0.0390747;
1480;-0.1;-0.0392812;
1481;-0.1;-0.0397654;
1482;-0.1;-0.0403809;
1483;-0.1;-0.0411997;
1484;-0.1;-0.0422587;
1485;-0.1;-0.0435822;
1486;-0.1;-0.0451925;
1487;-0.1;-0.0470784;
1488;-0.1;-0.0492605;
1489;-0.1;-0.0517324;
1490;0.2;-0.0544647;
1491;0.2;-0.0572174;
1492;0.2;-0.0594309;
1493;0.2;-0.0612457;
1494;0.2;-0.0627991;
1495;0.2;-0.0640747;
1496;0.2;-0.0651052;
1497;0.2;-0.0659312;
1498;0.2;-0.0665507;
1499;0.2;-0.0669413;
1500;0.2;-0.0671214;
1501;0.2;-0.067096;
1502;0.2;-0.0668498;
1503;0.2;-0.066394;
1504;0.2;-0.0657318;
1505;0.2;-0.064856;
1506;0.2;-0.0637665;
1507;0.2;-0.0624756;
1508;0.2;-0.0609701;
1509;0.2;-0.0592468;
1510;0.2;-0.0573191;
1511;0.2;-0.0552043;
1512;0.2;-0.0528666;
1513;0.2;-0.0503011;
1514;0.2;-0.0475576;
1515;0.2;-0.0446086;
1516;0.2;-0.0414124;
1517;0.2;-0.0380229;
1518;0.2;-0.0344421;
1519;0.2;-0.0306427;
1520;-0.2;-0.0266266;
1521;-0.2;-0.0226013;
1522;-0.2;-0.0191793;
1523;-0.2;-0.0166331;
1524;-0.2;-0.0148275;
1525;-0.2;-0.013621;
1526;-0.2;-0.0129496;
1527;-0.2;-0.0127482;
1528;-0.2;-0.0130239;
1529;-0.2;-0.0137756;
1530;0.2;-0.0149536;
1531;0.2;-0.0162913;
1532;0.2;-0.0172587;
1533;0.2;-0.0179077;
1534;0.2;-0.0181203;
1535;0.2;-0.0179993;
1536;0.2;-0.0176819;
1537;0.2;-0.0171051;
1538;0.2;-0.0162699;
1539;0.2;-0.0152445;
1540;0.2;-0.0140137;
1541;0.2;-0.012559;
1542;0.2;-0.0109039;
1543;0.2;-0.00902608;
1544;0.2;-0.00691528;
1545;0.2;-0.00460612;
1546;0.2;-0.0020813;
1547;0.2;6.663E-4;
1548;0.2;0.00360718;
1549;0.2;0.00646871;
1550;-0.2;0.00950826;
1551;-0.2;0.0125498;
1552;-0.2;0.015033;
1553;-0.2;0.0168528;
1554;-0.2;0.018042;
1555;-0.2;0.0186646;
1556;-0.2;0.0188761;
1557;-0.2;0.0187093;
1558;-0.2;0.0180979;
1559;-0.2;0.0170746;
1560;0.2;0.0157094;
1561;0.2;0.0142171;
1562;0.2;0.0131083;
1563;0.2;0.0124115;
1564;0.2;0.0119985;
1565;0.2;0.0118215;
1566;0.2;0.0118785;
1567;0.2;0.0121399;
1568;0.2;0.0125834;
1569;0.2;0.0132212;
1570;0.2;0.0140401;
1571;0.2;0.015037;
1572;0.2;0.016212;
1573;0.2;0.0175751;
1574;0.2;0.019102;
1575;0.2;0.0208018;
1576;0.2;0.0226847;
1577;0.2;0.0247223;
1578;0.2;0.026948;
1579;0.2;0.029362;
1580;0.2;0.0319132;
1581;0.2;0.034648;
1582;0.2;0.0376843;
1583;0.2;0.0409941;
1584;0.2;0.0445489;
1585;0.2;0.0483737;
1586;0.2;0.0524878;
1587;0.2;0.0568696;
1588;0.2;0.0615231;
1589;0.2;0.0664363;
1590;0.2;0.0716153;
1591;0.2;0.0770727;
1592;0.2;0.0828233;
1593;0.2;0.0888457;
1594;0.2;0.0951074;
1595;0.2;0.101645;
1596;0.2;0.108507;
1597;0.2;0.115629;
1598;0.2;0.12298;
1599;0.2;0.130614;
1600;-0.2;0.13854;
1601;-0.2;0.146538;
1602;-0.2;0.154086;
1603;-0.2;0.161194;
1604;-0.2;0.167847;
1605;-0.2;0.173929;
1606;-0.2;0.179626;
1607;-0.2;0.185092;
1608;-0.2;0.190262;
1609;-0.2;0.19509;
1610;-0.2;0.19964;
1611;-0.2;0.203951;
1612;-0.2;0.208012;
1613;-0.2;0.211802;
1614;-0.2;0.215296;
1615;-0.2;0.218528;
1616;-0.2;0.221525;
1617;-0.2;0.224237;
1618;-0.2;0.226645;
1619;-0.2;0.228795;
1620;0.2;0.230673;
1621;0.2;0.232491;
1622;0.2;0.234683;
1623;0.2;0.237284;
1624;0.2;0.240357;
1625;0.2;0.243829;
1626;0.2;0.247605;
1627;0.2;0.251661;
1628;0.2;0.256012;
1629;0.2;0.260658;
1630;-0.2;0.26559;
1631;-0.2;0.270632;
1632;-0.2;0.275253;
1633;-0.2;0.27924;
1634;-0.2;0.282684;
1635;-0.2;0.285724;
1636;-0.2;0.288441;
1637;-0.2;0.290833;
1638;-0.2;0.292902;
1639;-0.2;0.294697;
1640;-0.2;0.296213;
1641;-0.2;0.297451;
1642;-0.2;0.298432;
1643;-0.2;0.299151;
1644;-0.2;0.299581;
1645;-0.2;0.299759;
1646;-0.2;0.299681;
1647;-0.2;0.299311;
1648;-0.2;0.298663;
1649;-0.2;0.297769;
1650;0.0;0.296599;
1651;0.0;0.295377;
1652;0.0;0.29444;
1653;0.0;0.293624;
1654;0.0;0.29283;
1655;0.0;0.291972;
1656;0.0;0.291028;
1657;0.0;0.289988;
1658;0.0;0.288843;
1659;0.0;0.287598;
1660;0.0;0.286251;
1661;0.0;0.284797;
1662;0.0;0.283235;
1663;0.0;0.281572;
1664;0.0;0.279806;
1665;0.0;0.277931;
1666;0.0;0.27597;
1667;0.0;0.273912;
1668;0.0;0.271747;
1669;0.0;0.269479;
1670;0.1;0.26711;
1671;0.1;0.264759;
1672;0.1;0.262577;
1673;0.1;0.260475;
1674;0.1;0.258431;
1675;0.1;0.256444;
1676;0.1;0.254498;
1677;0.1;0.252579;
1678;0.1;0.250703;
1679;0.1;0.248866;
1680;0.1;0.247066;
1681;0.1;0.245291;
1682;0.1;0.243554;
1683;0.1;0.241847;
1684;0.1;0.240171;
1685;0.1;0.238532;
1686;0.1;0.236925;
1687;0.1;0.235357;
1688;0.1;0.233819;
1689;0.1;0.232315;
1690;0.1;0.230848;
1691;0.1;0.229413;
1692;0.1;0.228008;
1693;0.1;0.226636;
1694;0.1;0.2253;
1695;0.1;0.223997;
1696;0.1;0.222726;
1697;0.1;0.221484;
1698;0.1;0.220281;
1699;0.1;0.219113;
1700;0.2;0.217971;
1701;0.2;0.217;
1702;0.2;0.216329;
1703;0.2;0.215873;
1704;0.2;0.215593;
1705;0.2;0.215503;
1706;0.2;0.21558;
1707;0.2;0.215823;
1708;0.2;0.216248;
1709;0.2;0.216837;
1710;0.0;0.217593;
1711;0.0;0.218316;
1712;0.0;0.218654;
1713;0.0;0.218758;
1714;0.0;0.218689;
1715;0.0;0.21849;
1716;0.0;0.218179;
1717;0.0;0.217759;
1718;0.0;0.217233;
1719;0.0;0.216602;
1720;0.0;0.215867;
1721;0.0;0.215026;
1722;0.0;0.214084;
1723;0.0;0.21304;
1724;0.0;0.211892;
1725;0.0;0.210637;
1726;0.0;0.209281;
1727;0.0;0.207825;
1728;0.0;0.206264;
1729;0.0;0.204598;
1730;0.1;0.202827;
1731;0.1;0.20109;
1732;0.1;0.199537;
1733;0.1;0.198066;
1734;0.1;0.196652;
1735;0.1;0.195292;
1736;0.1;0.193972;
1737;0.1;0.192685;
1738;0.1;0.191434;
1739;0.1;0.190214;
1740;0.2;0.18903;
1741;0.2;0.188024;
1742;0.2;0.187267;
1743;0.2;0.186716;
1744;0.2;0.186381;
1745;0.2;0.186238;
1746;0.2;0.186246;
1747;0.2;0.186427;
1748;0.2;0.186792;
1749;0.2;0.187311;
1750;0.2;0.188014;
1751;0.2;0.188913;
1752;0.2;0.189965;
1753;0.2;0.191182;
1754;0.2;0.192583;
1755;0.2;0.194162;
1756;0.2;0.195896;
1757;0.2;0.197802;
1758;0.2;0.199893;
1759;0.2;0.202145;
1760;0.0;0.204568;
1761;0.0;0.206996;
1762;0.0;0.209087;
1763;0.0;0.210946;
1764;0.0;0.212626;
1765;0.0;0.214142;
1766;0.0;0.215521;
1767;0.0;0.216797;
1768;0.0;0.217965;
1769;0.0;0.219023;
1770;0.0;0.219981;
1771;0.0;0.220837;
1772;0.0;0.221585;
1773;0.0;0.222232;
1774;0.0;0.222774;
1775;0.0;0.223211;
1776;0.0;0.223542;
1777;0.0;0.223771;
1778;0.0;0.223895;
1779;0.0;0.223913;
1780;0.0;0.223828;
1781;0.0;0.223642;
1782;0.0;0.223349;
1783;0.0;0.22295;
1784;0.0;0.222449;
1785;0.0;0.221842;
1786;0.0;0.221133;
1787;0.0;0.220321;
1788;0.0;0.219401;
1789;0.0;0.218378;
1790;0.0;0.217255;
1791;0.0;0.216025;
1792;0.0;0.214689;
1793;0.0;0.213252;
1794;0.0;0.21171;
1795;0.0;0.210065;
1796;0.0;0.208313;
1797;0.0;0.20646;
1798;0.0;0.204502;
1799;0.0;0.20245;
1800;-0.2;0.200286;
1801;-0.2;0.197901;
1802;-0.2;0.194964;
1803;-0.2;0.191457;
1804;-0.2;0.187481;
1805;-0.2;0.183079;
1806;-0.2;0.178301;
1807;-0.2;0.173147;
1808;-0.2;0.16756;
1809;-0.2;0.161566;
1810;0.2;0.155261;
1811;0.2;0.148815;
1812;0.2;0.142745;
1813;0.2;0.137144;
1814;0.2;0.131833;
1815;0.2;0.126731;
1816;0.2;0.121841;
1817;0.2;0.117161;
1818;0.2;0.112701;
1819;0.2;0.108401;
1820;0.2;0.104243;
1821;0.2;0.100272;
1822;0.2;0.0965098;
1823;0.2;0.0928955;
1824;0.2;0.0894216;
1825;0.2;0.0861542;
1826;0.2;0.0830709;
1827;0.2;0.080127;
1828;0.2;0.0773519;
1829;0.2;0.0747467;
1830;-0.2;0.0723399;
1831;-0.2;0.0699341;
1832;-0.2;0.0670837;
1833;-0.2;0.0635824;
1834;-0.2;0.0593801;
1835;-0.2;0.054658;
1836;-0.2;0.0495585;
1837;-0.2;0.0440582;
1838;-0.2;0.0381154;
1839;-0.2;0.0317627;
1840;0.2;0.0250519;
1841;0.2;0.018222;
1842;0.2;0.0117666;
1843;0.2;0.00578918;
1844;0.2;1.00708E-4;
1845;0.2;-0.00536702;
1846;0.2;-0.0106333;
1847;0.2;-0.0156993;
1848;0.2;-0.0205465;
1849;0.2;-0.0252187;
1850;0.2;-0.0297628;
1851;0.2;-0.0341319;
1852;0.2;-0.0382823;
1853;0.2;-0.0422384;
1854;0.2;-0.0460602;
1855;0.2;-0.0497325;
1856;0.2;-0.0531962;
1857;0.2;-0.0564616;
1858;0.2;-0.0595856;
1859;0.2;-0.06256;
1860;0.2;-0.0653402;
1861;0.2;-0.0679209;
1862;0.2;-0.0703623;
1863;0.2;-0.072641;
1864;0.2;-0.0747477;
1865;0.2;-0.0766764;
1866;0.2;-0.0784332;
1867;0.2;-0.0800232;
1868;0.2;-0.081429;
1869;0.2;-0.0826599;
1870;0.2;-0.083725;
1871;0.2;-0.0846018;
1872;0.2;-0.0853139;
1873;0.2;-0.0858551;
1874;0.2;-0.0862183;
1875;0.2;-0.0864187;
1876;0.2;-0.0864441;
1877;0.2;-0.0862752;
1878;0.2;-0.0859385;
1879;0.2;-0.0854472;
1880;0.2;-0.0847819;
1881;0.2;-0.0839264;
1882;0.2;-0.0829173;
1883;0.2;-0.0817393;
1884;0.2;-0.0803752;
1885;0.2;-0.0788411;
1886;0.2;-0.0771352;
1887;0.2;-0.0752391;
1888;0.2;-0.0731873;
1889;0.2;-0.0709666;
1890;0.2;-0.0685557;
1891;0.2;-0.0659719;
1892;0.2;-0.0632416;
1893;0.2;-0.060316;
1894;0.2;-0.0572083;
1895;0.2;-0.053949;
1896;0.2;-0.0505107;
1897;0.2;-0.0468872;
1898;0.2;-0.0430776;
1899;0.2;-0.0391103;
1900;-0.2;-0.0349986;
1901;-0.2;-0.0309214;
1902;-0.2;-0.0274577;
1903;-0.2;-0.0246124;
1904;-0.2;-0.0223246;
1905;-0.2;-0.0205729;
1906;-0.2;-0.0193014;
1907;-0.2;-0.0184052;
1908;-0.2;-0.0179087;
1909;-0.2;-0.0177979;
1910;0.2;-0.018044;
1911;0.2;-0.0184591;
1912;0.2;-0.0184418;
1913;0.2;-0.0180176;
1914;0.2;-0.0173004;
1915;0.2;-0.0163086;
1916;0.2;-0.0150777;
1917;0.2;-0.0136637;
1918;0.2;-0.0120534;
1919;0.2;-0.0102488;
1920;-0.1;-0.00827637;
1921;-0.1;-0.00632629;
1922;-0.1;-0.00486959;
1923;-0.1;-0.00388794;
1924;-0.1;-0.00327861;
1925;-0.1;-0.00298971;
1926;-0.1;-0.00298055;
1927;-0.1;-0.00322469;
1928;-0.1;-0.00371501;
1929;-0.1;-0.0044515;
1930;0.1;-0.00540873;
1931;0.1;-0.00640971;
1932;0.1;-0.0071401;
1933;0.1;-0.00772502;
1934;0.1;-0.00819193;
1935;0.1;-0.00858154;
1936;0.1;-0.00892843;
1937;0.1;-0.00923258;
1938;0.1;-0.00948588;
1939;0.1;-0.00970662;
1940;0.2;-0.00989278;
1941;0.2;-0.00991313;
1942;0.2;-0.00961202;
1943;0.2;-0.00910238;
1944;0.2;-0.00839233;
1945;0.2;-0.0075002;
1946;0.2;-0.00643412;
1947;0.2;-0.00518697;
1948;0.2;-0.0037679;
1949;0.2;-0.0021759;
1950;0.2;-4.2216E-4;
1951;0.2;0.00149536;
1952;0.2;0.00360616;
1953;0.2;0.00587972;
1954;0.2;0.00832316;
1955;0.2;0.0109273;
1956;0.2;0.0137329;
1957;0.2;0.0167074;
1958;0.2;0.0198344;
1959;0.2;0.0231455;
1960;-0.2;0.0266317;
1961;-0.2;0.0301392;
1962;-0.2;0.0331584;
1963;-0.2;0.0354553;
1964;-0.2;0.0371328;
1965;-0.2;0.038323;
1966;-0.2;0.0390594;
1967;-0.2;0.0394053;
1968;-0.2;0.039328;
1969;-0.2;0.0388692;
1970;0.2;0.0380595;
1971;0.2;0.0371165;
1972;0.2;0.036556;
1973;0.2;0.0363047;
1974;0.2;0.0363709;
1975;0.2;0.0367716;
1976;0.2;0.0373922;
1977;0.2;0.0381999;
1978;0.2;0.0392253;
1979;0.2;0.0404205;
1980;0.2;0.0417847;
1981;0.2;0.0433258;
1982;0.2;0.0450582;
1983;0.2;0.0469432;
1984;0.2;0.0489858;
1985;0.2;0.0512288;
1986;0.2;0.0536387;
1987;0.2;0.0562063;
1988;0.2;0.0589569;
1989;0.2;0.0618825;
1990;-0.2;0.0649658;
1991;-0.2;0.0680033;
1992;-0.2;0.0704254;
1993;-0.2;0.0722219;
1994;-0.2;0.0735006;
1995;-0.2;0.0742676;
1996;-0.2;0.0745595;
1997;-0.2;0.0744548;
1998;-0.2;0.073995;
1999;-0.2;0.0731313;
2000;0.2;0.071877;
2001;0.2;0.070457;
2002;0.2;0.069342;
2003;0.2;0.0686147;
2004;0.2;0.0682577;
2005;0.2;0.0681915;
2006;0.2;0.0683421;
2007;0.2;0.0687002;
2008;0.2;0.0692576;
2009;0.2;0.069991;
2010;0.2;0.0708995;
2011;0.2;0.0719737;
2012;0.2;0.0732473;
2013;0.2;0.0746796;
2014;0.2;0.0762848;
2015;0.2;0.0780813;
2016;0.2;0.0800435;
2017;0.2;0.0821635;
2018;0.2;0.0844584;
2019;0.2;0.0869507;
2020;0.2;0.0895844;
2021;0.2;0.0923859;
2022;0.2;0.0953766;
2023;0.2;0.0985331;
2024;0.2;0.101856;
2025;0.2;0.105355;
2026;0.2;0.109035;
2027;0.2;0.11289;
2028;0.2;0.116896;
2029;0.2;0.121067;
2030;0.0;0.125407;
2031;0.0;0.12975;
2032;0.0;0.133788;
2033;0.0;0.137578;
2034;0.0;0.141201;
2035;0.0;0.144665;
2036;0.0;0.148001;
2037;0.0;0.151236;
2038;0.0;0.154368;
2039;0.0;0.157397;
2040;-0.2;0.160325;
2041;-0.2;0.163012;
2042;-0.2;0.165139;
2043;-0.2;0.166683;
2044;-0.2;0.167773;
2045;-0.2;0.168458;
2046;-0.2;0.168731;
2047;-0.2;0.168623;
2048;-0.2;0.168159;
2049;-0.2;0.167308;
2050;0.2;0.166069;
2051;0.2;0.164644;
2052;0.2;0.163435;
2053;0.2;0.162679;
2054;0.2;0.162333;
2055;0.2;0.162252;
2056;0.2;0.162392;
2057;0.2;0.162732;
2058;0.2;0.163278;
2059;0.2;0.164023;
2060;0.2;0.164911;
2061;0.2;0.165964;
2062;0.2;0.167218;
2063;0.2;0.168639;
2064;0.2;0.170203;
2065;0.2;0.171958;
2066;0.2;0.17389;
2067;0.2;0.175966;
2068;0.2;0.178227;
2069;0.2;0.180665;
2070;0.2;0.183257;
2071;0.2;0.186018;
2072;0.2;0.188957;
2073;0.2;0.192057;
2074;0.2;0.195322;
2075;0.2;0.19878;
2076;0.2;0.202395;
2077;0.2;0.206174;
2078;0.2;0.210124;
2079;0.2;0.21428;
2080;0.2;0.218584;
2081;0.2;0.223012;
2082;0.2;0.227639;
2083;0.2;0.232483;
2084;0.2;0.237468;
2085;0.2;0.242579;
2086;0.2;0.247909;
2087;0.2;0.253431;
2088;0.2;0.259115;
2089;0.2;0.26494;
2090;-0.2;0.270921;
2091;-0.2;0.276851;
2092;-0.2;0.282234;
2093;-0.2;0.287028;
2094;-0.2;0.291298;
2095;-0.2;0.295078;
2096;-0.2;0.298357;
2097;-0.2;0.301245;
2098;-0.2;0.303752;
2099;-0.2;0.305859;
2100;-0.2;0.307587;
2101;-0.2;0.308957;
2102;-0.2;0.309939;
2103;-0.2;0.310542;
2104;-0.2;0.310765;
2105;-0.2;0.310624;
2106;-0.2;0.310106;
2107;-0.2;0.309187;
2108;-0.2;0.307913;
2109;-0.2;0.306271;
2110;0.0;0.304237;
2111;0.0;0.302008;
2112;0.0;0.299847;
2113;0.0;0.297748;
2114;0.0;0.295634;
2115;0.0;0.293452;
2116;0.0;0.291165;
2117;0.0;0.288776;
2118;0.0;0.286281;
2119;0.0;0.283684;
2120;0.2;0.280983;
2121;0.2;0.278411;
2122;0.2;0.276244;
2123;0.2;0.274357;
2124;0.2;0.272698;
2125;0.2;0.27121;
2126;0.2;0.269933;
2127;0.2;0.268854;
2128;0.2;0.267937;
2129;0.2;0.267175;
2130;0.0;0.266587;
2131;0.0;0.266021;
2132;0.0;0.265131;
2133;0.0;0.263976;
2134;0.0;0.262651;
2135;0.0;0.261163;
2136;0.0;0.259549;
2137;0.0;0.257832;
2138;0.0;0.25601;
2139;0.0;0.254078;
2140;0.1;0.252044;
2141;0.1;0.25007;
2142;0.1;0.248254;
2143;0.1;0.246526;
2144;0.1;0.244865;
2145;0.1;0.243252;
2146;0.1;0.241678;
2147;0.1;0.240144;
2148;0.1;0.238625;
2149;0.1;0.237147;
2150;0.1;0.235725;
2151;0.1;0.23432;
2152;0.1;0.232947;
2153;0.1;0.231615;
2154;0.1;0.230317;
2155;0.1;0.229043;
2156;0.1;0.22781;
2157;0.1;0.22661;
2158;0.1;0.225436;
2159;0.1;0.22429;
2160;-0.1;0.223192;
2161;-0.1;0.221941;
2162;-0.1;0.220281;
2163;-0.1;0.218227;
2164;-0.1;0.215841;
2165;-0.1;0.213179;
2166;-0.1;0.210252;
2167;-0.1;0.207076;
2168;-0.1;0.203662;
2169;-0.1;0.200009;
2170;0.2;0.196094;
2171;0.2;0.192117;
2172;0.2;0.188438;
2173;0.2;0.185184;
2174;0.2;0.182297;
2175;0.2;0.179613;
2176;0.2;0.1771;
2177;0.2;0.174808;
2178;0.2;0.172711;
2179;0.2;0.170779;
2180;0.2;0.169024;
2181;0.2;0.167443;
2182;0.2;0.166031;
2183;0.2;0.164777;
2184;0.2;0.163711;
2185;0.2;0.16281;
2186;0.2;0.162071;
2187;0.2;0.161502;
2188;0.2;0.161119;
2189;0.2;0.16089;
2190;0.2;0.160821;
2191;0.2;0.160927;
2192;0.2;0.161218;
2193;0.2;0.161685;
2194;0.2;0.162319;
2195;0.2;0.163104;
2196;0.2;0.164083;
2197;0.2;0.165228;
2198;0.2;0.166519;
2199;0.2;0.167994;
2200;0.2;0.169642;
2201;0.2;0.171447;
2202;0.2;0.173421;
2203;0.2;0.175587;
2204;0.2;0.177906;
2205;0.2;0.180379;
2206;0.2;0.183039;
2207;0.2;0.185865;
2208;0.2;0.188856;
2209;0.2;0.192018;
2210;-0.2;0.195352;
2211;-0.2;0.198629;
2212;-0.2;0.201304;
2213;-0.2;0.203367;
2214;-0.2;0.20488;
2215;-0.2;0.205962;
2216;-0.2;0.206595;
2217;-0.2;0.206801;
2218;-0.2;0.206697;
2219;-0.2;0.206335;
2220;0.0;0.205689;
2221;0.0;0.204947;
2222;0.0;0.204425;
2223;0.0;0.204052;
2224;0.0;0.203732;
2225;0.0;0.20348;
2226;0.0;0.203243;
2227;0.0;0.203008;
2228;0.0;0.202773;
2229;0.0;0.202538;
2230;0.0;0.202303;
2231;0.0;0.202069;
2232;0.0;0.201834;
2233;0.0;0.201599;
2234;0.0;0.201364;
2235;0.0;0.201129;
2236;0.0;0.200895;
2237;0.0;0.20066;
2238;0.0;0.200425;
2239;0.0;0.20019;
2240;0.2;0.199955;
2241;0.2;0.199885;
2242;0.2;0.200277;
2243;0.2;0.201083;
2244;0.2;0.202232;
2245;0.2;0.2037;
2246;0.2;0.205464;
2247;0.2;0.207508;
2248;0.2;0.209822;
2249;0.2;0.212429;
2250;0.2;0.215311;
2251;0.2;0.218445;
2252;0.2;0.221841;
2253;0.2;0.225535;
2254;0.2;0.229539;
2255;0.2;0.233832;
2256;0.2;0.238418;
2257;0.2;0.243351;
2258;0.2;0.248631;
2259;0.2;0.254193;
2260;-0.2;0.260026;
2261;-0.2;0.265959;
2262;-0.2;0.271431;
2263;-0.2;0.276461;
2264;-0.2;0.281171;
2265;-0.2;0.285606;
2266;-0.2;0.289748;
2267;-0.2;0.293559;
2268;-0.2;0.29717;
2269;-0.2;0.300612;
2270;-0.2;0.303788;
2271;-0.2;0.306698;
2272;-0.2;0.309426;
2273;-0.2;0.311961;
2274;-0.2;0.31424;
2275;-0.2;0.316282;
2276;-0.2;0.318136;
2277;-0.2;0.319781;
2278;-0.2;0.321198;
2279;-0.2;0.32239;
2280;0.0;0.323368;
2281;0.0;0.324337;
2282;0.0;0.325612;
2283;0.0;0.327049;
2284;0.0;0.328583;
2285;0.0;0.330221;
2286;0.0;0.331909;
2287;0.0;0.333649;
2288;0.0;0.335439;
2289;0.0;0.337278;
2290;0.1;0.339168;
2291;0.1;0.341274;
2292;0.1;0.343693;
2293;0.1;0.346313;
2294;0.1;0.349154;
2295;0.1;0.352226;
2296;0.1;0.355489;
2297;0.1;0.358915;
2298;0.1;0.362533;
2299;0.1;0.366347;
2300;-0.2;0.370363;
2301;-0.2;0.374436;
2302;-0.2;0.378176;
2303;-0.2;0.381429;
2304;-0.2;0.384279;
2305;-0.2;0.386875;
2306;-0.2;0.389256;
2307;-0.2;0.391386;
2308;-0.2;0.393268;
2309;-0.2;0.394934;
2310;-0.2;0.396401;
2311;-0.2;0.397644;
2312;-0.2;0.398659;
2313;-0.2;0.399449;
2314;-0.2;0.400037;
2315;-0.2;0.400391;
2316;-0.2;0.400529;
2317;-0.2;0.400441;
2318;-0.2;0.40014;
2319;-0.2;0.399601;
2320;0.0;0.398846;
2321;0.0;0.398051;
2322;0.0;0.397526;
2323;0.0;0.397176;
2324;0.0;0.396928;
2325;0.0;0.396739;
2326;0.0;0.396667;
2327;0.0;0.396651;
2328;0.0;0.396688;
2329;0.0;0.396773;
2330;-0.1;0.396908;
2331;-0.1;0.396942;
2332;-0.1;0.396806;
2333;-0.1;0.396515;
2334;-0.1;0.396108;
2335;-0.1;0.395597;
2336;-0.1;0.395013;
2337;-0.1;0.394324;
2338;-0.1;0.393551;
2339;-0.1;0.392686;
2340;0.0;0.391742;
2341;0.0;0.390847;
2342;0.0;0.390133;
2343;0.0;0.38951;
2344;0.0;0.388945;
2345;0.0;0.388426;
2346;0.0;0.387996;
2347;0.0;0.387655;
2348;0.0;0.387366;
2349;0.0;0.38713;
2350;0.0;0.386938;
2351;0.0;0.386798;
2352;0.0;0.386713;
2353;0.0;0.386674;
2354;0.0;0.386684;
2355;0.0;0.386745;
2356;0.0;0.386861;
2357;0.0;0.387024;
2358;0.0;0.387233;
2359;0.0;0.387496;
2360;0.0;0.387813;
2361;0.0;0.388175;
2362;0.0;0.388588;
2363;0.0;0.389054;
2364;0.0;0.389571;
2365;0.0;0.390135;
2366;0.0;0.390747;
2367;0.0;0.39141;
2368;0.0;0.392124;
2369;0.0;0.392887;
2370;0.0;0.393705;
2371;0.0;0.39457;
2372;0.0;0.395483;
2373;0.0;0.396448;
2374;0.0;0.397467;
2375;0.0;0.398533;
2376;0.0;0.39965;
2377;0.0;0.40082;
2378;0.0;0.402041;
2379;0.0;0.403306;
2380;-0.2;0.404626;
2381;-0.2;0.405774;
2382;-0.2;0.406527;
2383;-0.2;0.406989;
2384;-0.2;0.407145;
2385;-0.2;0.407017;
2386;-0.2;0.406677;
2387;-0.2;0.406118;
2388;-0.2;0.405296;
2389;-0.2;0.404254;
2390;0.0;0.403011;
2391;0.0;0.401721;
2392;0.0;0.400688;
2393;0.0;0.399831;
2394;0.0;0.399084;
2395;0.0;0.398391;
2396;0.0;0.397801;
2397;0.0;0.397286;
2398;0.0;0.396822;
2399;0.0;0.396407;
2400;0.0;0.396041;
2401;0.0;0.395726;
2402;0.0;0.395463;
2403;0.0;0.395247;
2404;0.0;0.395081;
2405;0.0;0.394967;
2406;0.0;0.394904;
2407;0.0;0.394887;
2408;0.0;0.394924;
2409;0.0;0.395009;
2410;0.0;0.395146;
2411;0.0;0.395333;
2412;0.0;0.395569;
2413;0.0;0.395856;
2414;0.0;0.396193;
2415;0.0;0.396584;
2416;0.0;0.397021;
2417;0.0;0.397512;
2418;0.0;0.398051;
2419;0.0;0.398641;
2420;0.0;0.399282;
2421;0.0;0.399969;
2422;0.0;0.40071;
2423;0.0;0.401499;
2424;0.0;0.40234;
2425;0.0;0.403229;
2426;0.0;0.404171;
2427;0.0;0.405162;
2428;0.0;0.406203;
2429;0.0;0.407294;
2430;0.0;0.408435;
2431;0.0;0.409627;
2432;0.0;0.410868;
2433;0.0;0.412158;
2434;0.0;0.413497;
2435;0.0;0.414891;
2436;0.0;0.416331;
2437;0.0;0.417822;
2438;0.0;0.419364;
2439;0.0;0.420957;
2440;0.1;0.422597;
2441;0.1;0.424422;
2442;0.1;0.426538;
2443;0.1;0.428933;
2444;0.1;0.431553;
2445;0.1;0.434351;
2446;0.1;0.437309;
2447;0.1;0.440479;
2448;0.1;0.443856;
2449;0.1;0.447394;
2450;-0.2;0.451111;
2451;-0.2;0.454816;
2452;-0.2;0.458018;
2453;-0.2;0.460803;
2454;-0.2;0.463312;
2455;-0.2;0.46557;
2456;-0.2;0.467544;
2457;-0.2;0.469261;
2458;-0.2;0.470778;
2459;-0.2;0.472085;
2460;0.2;0.473134;
2461;0.2;0.474125;
2462;0.2;0.475435;
2463;0.2;0.477313;
2464;0.2;0.479787;
2465;0.2;0.482664;
2466;0.2;0.485893;
2467;0.2;0.489482;
2468;0.2;0.493435;
2469;0.2;0.497736;
2470;-0.2;0.502317;
2471;-0.2;0.506972;
2472;-0.2;0.511157;
2473;-0.2;0.51486;
2474;-0.2;0.518286;
2475;-0.2;0.521452;
2476;-0.2;0.524286;
2477;-0.2;0.52686;
2478;-0.2;0.529222;
2479;-0.2;0.531384;
2480;0.0;0.533327;
2481;0.0;0.53525;
2482;0.0;0.537486;
2483;0.0;0.539889;
2484;0.0;0.542364;
2485;0.0;0.544954;
2486;0.0;0.547614;
2487;0.0;0.550321;
2488;0.0;0.553076;
2489;0.0;0.555884;
2490;-0.2;0.558742;
2491;-0.2;0.561519;
2492;-0.2;0.56401;
2493;-0.2;0.56613;
2494;-0.2;0.567906;
2495;-0.2;0.569403;
2496;-0.2;0.570691;
2497;-0.2;0.571735;
2498;-0.2;0.572544;
2499;-0.2;0.573145;
2500;0.0;0.573521;
2501;0.0;0.573887;
2502;0.0;0.57452;
2503;0.0;0.575293;
2504;0.0;0.57619;
2505;0.0;0.577195;
2506;0.0;0.578253;
2507;0.0;0.579358;
2508;0.0;0.580516;
2509;0.0;0.58172;
2510;0.0;0.582977;
2511;0.0;0.584281;
2512;0.0;0.585636;
2513;0.0;0.58704;
2514;0.0;0.588497;
2515;0.0;0.59;
2516;0.0;0.591555;
2517;0.0;0.593158;
2518;0.0;0.59481;
2519;0.0;0.596513;
2520;-0.2;0.598267;
2521;-0.2;0.599951;
2522;-0.2;0.601217;
2523;-0.2;0.602104;
2524;-0.2;0.602749;
2525;-0.2;0.603172;
2526;-0.2;0.60331;
2527;-0.2;0.603217;
2528;-0.2;0.602909;
2529;-0.2;0.602397;
2530;0.1;0.60165;
2531;0.1;0.600881;
2532;0.1;0.600492;
2533;0.1;0.600507;
2534;0.1;0.600828;
2535;0.1;0.601396;
2536;0.1;0.602179;
2537;0.1;0.603164;
2538;0.1;0.604352;
2539;0.1;0.605729;
2540;0.1;0.607282;
2541;0.1;0.609041;
2542;0.1;0.610986;
2543;0.1;0.613108;
2544;0.1;0.615413;
2545;0.1;0.61792;
2546;0.1;0.620614;
2547;0.1;0.623484;
2548;0.1;0.626536;
2549;0.1;0.629789;
2550;0.2;0.633236;
2551;0.2;0.636934;
2552;0.2;0.641022;
2553;0.2;0.645522;
2554;0.2;0.650409;
2555;0.2;0.655607;
2556;0.2;0.661076;
2557;0.2;0.666872;
2558;0.2;0.672992;
2559;0.2;0.679458;
2560;-0.2;0.686259;
2561;-0.2;0.693119;
2562;-0.2;0.699652;
2563;-0.2;0.705961;
2564;-0.2;0.711886;
2565;-0.2;0.717405;
2566;-0.2;0.72265;
2567;-0.2;0.727675;
2568;-0.2;0.73244;
2569;-0.2;0.736938;
2570;0.0;0.741199;
2571;0.0;0.745404;
2572;0.0;0.749874;
2573;0.0;0.754567;
2574;0.0;0.759383;
2575;0.0;0.764284;
2576;0.0;0.769246;
2577;0.0;0.774259;
2578;0.0;0.779317;
2579;0.0;0.784426;
2580;-0.2;0.789581;
2581;-0.2;0.794609;
2582;-0.2;0.799154;
2583;-0.2;0.803349;
2584;-0.2;0.807304;
2585;-0.2;0.811058;
2586;-0.2;0.814565;
2587;-0.2;0.817792;
2588;-0.2;0.820795;
2589;-0.2;0.823625;
2590;-0.2;0.826227;
2591;-0.2;0.828556;
2592;-0.2;0.830678;
2593;-0.2;0.832603;
2594;-0.2;0.834283;
2595;-0.2;0.835724;
2596;-0.2;0.836963;
2597;-0.2;0.837986;
2598;-0.2;0.838812;
2599;-0.2;0.839368;
2600;-0.1;0.839673;
2601;-0.1;0.839903;
2602;-0.1;0.840173;
2603;-0.1;0.840393;
2604;-0.1;0.840558;
2605;-0.1;0.840678;
2606;-0.1;0.840712;
2607;-0.1;0.840643;
2608;-0.1;0.840497;
2609;-0.1;0.840269;
2610;-0.2;0.83995;
2611;-0.2;0.83941;
2612;-0.2;0.838593;
2613;-0.2;0.83752;
2614;-0.2;0.836167;
2615;-0.2;0.834576;
2616;-0.2;0.832786;
2617;-0.2;0.830762;
2618;-0.2;0.828505;
2619;-0.2;0.826023;
2620;0.1;0.82334;
2621;0.1;0.820666;
2622;0.1;0.818488;
2623;0.1;0.816703;
2624;0.1;0.815196;
2625;0.1;0.813934;
2626;0.1;0.812882;
2627;0.1;0.812038;
2628;0.1;0.811381;
2629;0.1;0.810919;
2630;0.1;0.81064;
2631;0.1;0.810543;
2632;0.1;0.81064;
2633;0.1;0.810923;
2634;0.1;0.811387;
2635;0.1;0.812026;
2636;0.1;0.812864;
2637;0.1;0.813875;
2638;0.1;0.815092;
2639;0.1;0.816506;
2640;0.2;0.818075;
2641;0.2;0.819946;
2642;0.2;0.82231;
2643;0.2;0.825039;
2644;0.2;0.828042;
2645;0.2;0.831382;
2646;0.2;0.835095;
2647;0.2;0.839148;
2648;0.2;0.843498;
2649;0.2;0.84812;
2650;-0.2;0.853072;
2651;-0.2;0.858162;
2652;-0.2;0.862923;
2653;-0.2;0.867371;
2654;-0.2;0.871484;
2655;-0.2;0.875183;
2656;-0.2;0.878621;
2657;-0.2;0.881824;
2658;-0.2;0.884859;
2659;-0.2;0.887659;
2660;-0.2;0.89019;
2661;-0.2;0.892535;
2662;-0.2;0.89467;
2663;-0.2;0.896613;
2664;-0.2;0.898301;
2665;-0.2;0.899784;
2666;-0.2;0.901066;
2667;-0.2;0.902144;
2668;-0.2;0.903017;
2669;-0.2;0.903652;
2670;-0.1;0.904122;
2671;-0.1;0.904486;
2672;-0.1;0.904836;
2673;-0.1;0.905143;
2674;-0.1;0.905387;
2675;-0.1;0.905558;
2676;-0.1;0.90564;
2677;-0.1;0.905638;
2678;-0.1;0.905552;
2679;-0.1;0.905391;
2680;-0.2;0.905131;
2681;-0.2;0.9047;
2682;-0.2;0.90399;
2683;-0.2;0.903011;
2684;-0.2;0.901801;
2685;-0.2;0.900387;
2686;-0.2;0.898775;
2687;-0.2;0.896895;
2688;-0.2;0.89482;
2689;-0.2;0.892531;
2690;0.1;0.890004;
2691;0.1;0.887435;
2692;0.1;0.885288;
2693;0.1;0.883453;
2694;0.1;0.881915;
2695;0.1;0.880632;
2696;0.1;0.879561;
2697;0.1;0.878684;
2698;0.1;0.878003;
2699;0.1;0.8775;
2700;0.0;0.877189;
2701;0.0;0.876923;
2702;0.0;0.876579;
2703;0.0;0.876221;
2704;0.0;0.875889;
2705;0.0;0.875586;
2706;0.0;0.87533;
2707;0.0;0.875124;
2708;0.0;0.874969;
2709;0.0;0.874862;
2710;0.0;0.874807;
2711;0.0;0.874799;
2712;0.0;0.874839;
2713;0.0;0.874929;
2714;0.0;0.875067;
2715;0.0;0.875256;
2716;0.0;0.875492;
2717;0.0;0.875781;
2718;0.0;0.876117;
2719;0.0;0.876501;
2720;-0.1;0.876937;
2721;-0.1;0.877301;
2722;-0.1;0.877431;
2723;-0.1;0.877405;
2724;-0.1;0.877283;
2725;-0.1;0.877081;
2726;-0.1;0.876768;
2727;-0.1;0.876369;
2728;-0.1;0.875883;
2729;-0.1;0.875303;
2730;-0.1;0.87463;
2731;-0.1;0.873879;
2732;-0.1;0.873043;
2733;-0.1;0.872105;
2734;-0.1;0.871084;
2735;-0.1;0.869981;
2736;-0.1;0.868791;
2737;-0.1;0.867501;
2738;-0.1;0.866136;
2739;-0.1;0.864683;
2740;0.2;0.863133;
2741;0.2;0.861658;
2742;0.2;0.860651;
2743;0.2;0.860215;
2744;0.2;0.860225;
2745;0.2;0.860602;
2746;0.2;0.861344;
2747;0.2;0.862439;
2748;0.2;0.863861;
2749;0.2;0.865613;
2750;0.2;0.867686;
2751;0.2;0.870062;
2752;0.2;0.87278;
2753;0.2;0.875836;
2754;0.2;0.879213;
2755;0.2;0.882867;
2756;0.2;0.886761;
2757;0.2;0.891024;
2758;0.2;0.895616;
2759;0.2;0.900452;
2760;0.2;0.905577;
2761;0.2;0.91106;
2762;0.2;0.916799;
2763;0.2;0.922886;
2764;0.2;0.929244;
2765;0.2;0.935836;
2766;0.2;0.942745;
2767;0.2;0.949921;
2768;0.2;0.957393;
2769;0.2;0.965183;
2770;0.2;0.973248;
2771;0.2;0.981569;
2772;0.2;0.99019;
2773;0.2;0.999192;
2774;0.2;1.00842;
2775;0.2;1.01794;
2776;0.2;1.0278;
2777;0.2;1.03787;
2778;0.2;1.04827;
2779;0.2;1.05903;
2780;-0.2;1.07001;
